data;horario;n_da_ocorrencia;tipo_de_ocorrencia;km;trecho;sentido;tipo_de_acidente;automovel;bicicleta;caminhao;moto;onibus;outros;tracao_animal;transporte_de_cargas_especiais;trator_maquinas;utilitarios;ilesos;levemente_feridos;moderadamente_feridos;gravemente_feridos;mortos
23/10/2021;13:00:22;78;Acidente sem VITIMA;273,000;BR-101/SC;Norte;Choque Defensa;1;0;0;0;0;0;0;1;0;0;3;0;0;0;0
23/10/2021;15:04:40;91;Acidente sem VITIMA;371,000;BR-101/SC;Sul;Capotamento;1;0;0;0;0;0;0;0;0;0;1;0;0;0;0
23/10/2021;16:35:11;102;Acidente com VITIMA;311,000;BR-101/SC;Norte;Colisão - Traseira;2;0;0;0;0;0;0;0;0;0;3;1;0;0;0
23/10/2021;19:59:26;118;Acidente sem VITIMA;334,000;BR-101/SC;Norte;Outros;1;0;0;1;0;0;0;0;0;0;2;0;0;0;0
23/10/2021;21:07:59;123;Acidente sem VITIMA;355,000;BR-101/SC;Norte;Choque com objeto sobre a pista;1;0;0;0;0;0;0;0;0;0;1;0;0;0;0
23/10/2021;21:22:29;126;Acidente sem VITIMA;264,000;BR-101/SC;Sul;Saída de pista;1;0;0;0;0;0;0;0;0;0;4;0;0;0;0
23/10/2021;23:01:53;130;Acidente sem VITIMA;269,000;BR-101/SC;Sul;Atropelamento de Animal;1;0;0;0;0;0;0;0;0;0;1;0;0;0;0
23/10/2021;23:08:29;131;Acidente sem VITIMA;315,000;BR-101/SC;Norte;Colisão - Lateral;2;0;0;0;0;0;0;0;0;0;3;0;0;0;0
24/10/2021;01:48:07;1;Acidente sem VITIMA;328,000;BR-101/SC;Norte;Colisão - Lateral;2;0;0;0;0;0;0;0;0;0;3;0;0;0;0
24/10/2021;03:16:35;4;Acidente sem VITIMA;375,000;BR-101/SC;Norte;Saída de pista;1;0;0;0;0;0;0;0;0;0;1;0;0;0;0
24/10/2021;04:33:36;7;Acidente sem VITIMA;344,000;BR-101/SC;Norte;Saída de pista;1;0;0;0;0;0;0;0;0;0;2;0;0;0;0
24/10/2021;11:36:55;48;Acidente com VITIMA;257,000;BR-101/SC;Sul;Choque Defensa;1;0;0;0;0;0;0;0;0;0;0;1;0;0;0
24/10/2021;15:59:01;84;Acidente com VITIMA;334,000;BR-101/SC;Ambos;Colisão - Frontal;1;0;0;1;0;0;0;0;0;0;1;1;0;0;0
24/10/2021;18:05:13;102;Atropelamento;338,000;BR-101/SC;Sul;Atropelamento - Usuário;0;0;0;0;0;0;0;0;0;0;2;0;0;0;0
24/10/2021;19:39:50;116;Acidente sem VITIMA;344,000;BR-101/SC;Norte;Colisão - Traseira;2;0;0;0;0;0;0;0;0;0;6;0;0;0;0
25/10/2021;00:38:10;4;Acidente sem VITIMA;464,000;BR-101/SC;Norte;Atropelamento de Animal;1;0;0;0;0;0;0;0;0;0;1;0;0;0;0
25/10/2021;06:48:37;26;Acidente com VITIMA;331,000;BR-101/SC;Ambos;Colisão - Traseira;1;0;0;1;0;0;0;0;0;0;1;0;1;0;0
25/10/2021;08:02:53;51;Acidente com VITIMA;368,000;BR-101/SC;Sul;Tombamento;0;0;1;0;0;0;0;0;0;0;0;1;0;0;0
25/10/2021;12:32:05;83;Acidente com VITIMA;338,000;BR-101/SC;Sul;Tombamento;0;0;0;0;0;0;0;0;0;1;0;2;0;0;0
25/10/2021;16:41:53;123;Acidente sem VITIMA;441,000;BR-101/SC;Norte;Capotamento;1;0;0;0;0;0;0;0;0;0;2;0;0;0;0
26/10/2021;03:56:04;7;Acidente com VITIMA;462,000;BR-101/SC;Norte;Choque Barreira;1;0;0;0;0;0;0;0;0;0;2;2;0;0;0
26/10/2021;08:12:46;41;Acidente com VITIMA;340,000;BR-101/SC;Norte;Colisão - Lateral;2;0;0;0;0;0;0;0;0;0;1;0;1;0;0
26/10/2021;09:54:04;67;Acidente com VITIMA;336,000;BR-101/SC;Norte;Colisão - Traseira;1;0;0;0;0;0;0;0;0;2;2;0;1;0;0
26/10/2021;12:29:49;88;Acidente sem VITIMA;341,000;BR-101/SC;Sul;Choque com objeto sobre a pista;1;0;0;1;0;0;0;0;0;0;2;0;0;0;0
26/10/2021;13:38:29;96;Acidente sem VITIMA;412,000;BR-101/SC;Norte;Saída de pista;1;0;0;0;0;0;0;0;0;0;2;0;0;0;0
26/10/2021;13:47:49;97;Acidente sem VITIMA;375,000;BR-101/SC;Norte;Tombamento;0;0;0;0;0;0;0;0;0;0;1;0;0;0;0
26/10/2021;20:56:42;141;Acidente sem VITIMA;440,000;BR-101/SC;Sul;Colisão - Transversal;1;0;0;0;0;0;0;0;0;2;3;0;0;0;0
26/10/2021;23:21:57;153;Acidente sem VITIMA;317,600;BR-101/SC;Sul;Saída de pista;1;0;0;0;0;0;0;0;0;0;2;0;0;0;0
27/10/2021;09:52:39;77;Acidente sem VITIMA;344,000;BR-101/SC;Norte;Choque Barreira;1;0;0;0;0;0;0;0;0;0;0;1;0;0;0
27/10/2021;14:40:17;122;Acidente sem VITIMA;421,000;BR-101/SC;Sul;Colisão - Transversal;1;0;0;0;0;0;0;0;0;1;2;0;0;0;0
27/10/2021;21:11:29;156;Acidente sem VITIMA;333,000;BR-101/SC;Norte;Colisão - Lateral;1;0;0;1;0;0;0;0;0;0;5;0;0;0;0
28/10/2021;11:28:05;78;Acidente com VITIMA;360,000;BR-101/SC;Norte;Choque Defensa;1;0;0;0;0;0;0;0;0;0;0;0;1;0;0
28/10/2021;19:17:32;128;Acidente sem VITIMA;275,000;BR-101/SC;Norte;Saída de pista;0;0;0;0;0;0;0;0;0;1;1;0;0;0;0
28/10/2021;19:27:45;131;Acidente com VITIMA;289,000;BR-101/SC;Sul;Colisão - Traseira;1;0;0;1;0;0;0;0;0;0;2;1;0;0;0
29/10/2021;07:21:55;38;Acidente com VITIMA;455,000;BR-101/SC;Sul;Queda de moto;0;0;0;1;0;0;0;0;0;0;0;1;0;0;0
29/10/2021;09:34:06;53;Acidente sem VITIMA;332,000;BR-101/SC;Norte;Colisão - Transversal;2;0;0;0;0;0;0;0;0;0;2;0;0;0;0
29/10/2021;09:44:07;55;Acidente sem VITIMA;259,000;BR-101/SC;Sul;Choque Defensa;1;0;0;0;0;0;0;0;0;0;2;0;0;0;0
29/10/2021;12:08:16;76;Acidente sem VITIMA;344,000;BR-101/SC;Sul;Colisão - Traseira;1;0;0;0;0;0;0;1;0;0;2;0;0;0;0
29/10/2021;12:22:57;77;Acidente com VITIMA;416,000;BR-101/SC;Norte;Colisão - Traseira;2;0;0;1;0;0;0;0;0;0;2;2;0;0;0
29/10/2021;12:57:34;80;Acidente sem VITIMA;369,000;BR-101/SC;Sul;Outros;1;0;0;0;0;0;0;0;0;0;2;0;0;0;0
29/10/2021;20:19:35;120;Acidente sem VITIMA;369,000;BR-101/SC;Sul;Saída de pista;1;0;0;0;0;0;0;0;0;0;2;0;0;0;0
29/10/2021;22:00:35;131;Acidente com VITIMA;344,000;BR-101/SC;Norte;Saída de pista;1;0;0;0;0;0;0;0;0;0;1;1;0;0;0
29/10/2021;23:46:44;139;Acidente sem VITIMA;257,000;BR-101/SC;Norte;Choque Talude;0;0;0;0;0;0;0;0;0;1;1;0;0;0;0
30/10/2021;07:56:11;40;Acidente sem VITIMA;363,000;BR-101/SC;Sul;Colisão - Traseira;1;0;0;0;0;0;0;0;0;1;3;0;0;0;0
30/10/2021;12:43:48;79;Acidente sem VITIMA;264,000;BR-101/SC;Norte;;1;0;0;0;0;0;0;0;0;0;1;0;0;0;0
30/10/2021;13:24:17;82;Acidente sem VITIMA;257,000;BR-101/SC;Norte;Saída de pista;1;0;0;0;0;0;0;0;0;0;3;0;0;0;0
30/10/2021;14:18:26;91;Acidente sem VITIMA;331,000;BR-101/SC;Norte;Saída de pista;1;0;0;0;0;0;0;0;0;0;2;0;0;0;0
30/10/2021;15:53:09;102;Acidente sem VITIMA;272,000;BR-101/SC;Norte;Saída de pista;1;0;0;0;0;0;0;0;0;0;2;0;0;0;0
30/10/2021;18:22:35;116;Acidente com VITIMA;442,000;BR-101/SC;Norte;Saída de pista;0;0;0;1;0;0;0;0;0;0;0;1;0;0;0
30/10/2021;22:44:31;139;Acidente com VITIMA;364,000;BR-101/SC;Norte;Saída de pista;1;0;0;0;0;0;0;0;0;0;3;1;0;0;0
31/10/2021;03:16:33;13;Acidente com VITIMA;351,000;BR-101/SC;Sul;Saída de pista;1;0;0;0;0;0;0;0;0;0;3;1;0;0;0
31/10/2021;06:44:00;26;Acidente com VITIMA;348,000;BR-101/SC;Sul;Capotamento;1;0;0;0;0;0;0;0;0;0;0;1;4;0;0
01/11/2021;00:52:08;2;Sem vítima;358.000;3336;Decrescente;Acidentes de outra natureza;0;0;0;0;0;0;0;0;0;0;0;0;0;0;0
01/11/2021;03:24:02;7;Sem vítima;463.000;3336;Decrescente;Acidentes de outra natureza;0;0;0;0;0;0;0;0;0;0;0;0;0;0;0
01/11/2021;12:51:57;60;Sem vítima;415.000;3335;Crescente;Acidentes de outra natureza;0;0;0;0;0;0;0;0;0;0;0;0;0;0;0
01/11/2021;19:26:40;84;Sem vítima;432.000;3336;Decrescente;Acidentes de outra natureza;0;0;0;0;0;0;0;0;0;0;0;0;0;0;0
02/11/2021;22:56:05;86;Sem vítima;332.000;3338;Decrescente;Acidentes de outra natureza;0;0;0;0;0;0;0;0;0;0;0;0;0;0;0
03/11/2021;03:25:43;10;Com vítima;342.000;3331;Crescente;Acidentes de outra natureza;0;0;0;0;0;0;0;0;0;0;0;0;0;0;0
03/11/2021;07:23:28;25;Com vítima;339.000;3336;Decrescente;Acidentes de outra natureza;0;0;0;0;0;0;0;0;0;0;0;0;0;0;0
03/11/2021;09:50:42;56;Sem vítima;264.000;3341;Decrescente;Acidentes de outra natureza;0;0;0;0;0;0;0;0;0;0;0;0;0;0;0
03/11/2021;19:47:48;123;Sem vítima;344.000;3331;Crescente;Acidentes de outra natureza;0;0;0;0;0;0;0;0;0;0;0;0;0;0;0
04/11/2021;00:22:41;1;Sem vítima;382.000;3336;Decrescente;Acidentes de outra natureza;0;0;0;0;0;0;0;0;0;0;0;0;0;0;0
05/11/2021;00:37:28;1;Sem vítima;298.000;3338;Decrescente;Acidentes de outra natureza;0;0;0;0;0;0;0;0;0;0;0;0;0;0;0
05/11/2021;14:34:15;95;Sem vítima;380.000;3335;Crescente;Acidentes de outra natureza;0;0;0;0;0;0;0;0;0;0;0;0;0;0;0
05/11/2021;19:03:41;114;Com vítima;362.000;3332;Crescente;Acidentes de outra natureza;0;0;0;0;0;0;0;0;0;0;0;0;0;0;0
07/11/2021;18:28:12;77;Sem vítima;339.000;3336;Decrescente;Acidentes de outra natureza;0;0;0;0;0;0;0;0;0;0;0;0;0;0;0
07/11/2021;20:10:48;90;Sem vítima;259.000;3343;Decrescente;Acidentes de outra natureza;0;0;0;0;0;0;0;0;0;0;0;0;0;0;0
08/11/2021;02:26:20;5;Com vítima;370.900;3336;Decrescente;Acidentes de outra natureza;0;0;0;0;0;0;0;0;0;0;0;0;0;0;0
08/11/2021;09:24:20;46;Sem vítima;390.000;3335;Crescente;Acidentes de outra natureza;0;0;0;0;0;0;0;0;0;0;1;0;0;0;0
08/11/2021;18:50:02;118;Sem vítima;418.000;3335;Crescente;Acidentes de outra natureza;0;0;0;0;0;0;0;0;0;0;0;0;0;0;0
08/11/2021;22:24:12;137;Sem vítima;415.000;3336;Decrescente;Acidentes de outra natureza;0;0;0;0;0;0;0;0;0;0;0;0;0;0;0
09/11/2021;18:38:05;120;Sem vítima;415.000;3335;Crescente;Acidentes de outra natureza;0;0;0;0;0;0;0;0;0;0;0;0;0;0;0
09/11/2021;18:42:44;121;Sem vítima;334.000;3331;Crescente;Acidentes de outra natureza;0;0;0;0;0;0;0;0;0;0;0;0;0;0;0
09/11/2021;21:02:47;128;Sem vítima;406.700;3336;Decrescente;Acidentes de outra natureza;0;0;0;0;0;0;0;0;0;0;0;0;0;0;0
10/11/2021;08:53:35;51;Sem vítima;252.260;3329;Crescente;Acidentes de outra natureza;0;0;0;0;0;0;0;0;0;0;0;0;0;0;0
10/11/2021;16:14:10;125;Sem vítima;392.000;3335;Crescente;Acidentes de outra natureza;0;0;0;0;0;0;0;0;0;0;0;0;0;0;0
11/11/2021;11:26:26;79;Sem vítima;311.000;3338;Decrescente;Acidentes de outra natureza;0;0;0;0;0;0;0;0;0;0;0;0;0;0;0
12/11/2021;00:16:03;1;Sem vítima;447.000;3335;Crescente;Acidentes de outra natureza;0;0;0;0;0;0;0;0;0;0;0;0;0;0;0
12/11/2021;01:03:03;3;Sem vítima;279.000;3341;Decrescente;Acidentes de outra natureza;0;0;0;0;0;0;0;0;0;0;0;0;0;0;0
12/11/2021;21:22:02;151;Sem vítima;300.000;3338;Decrescente;Acidentes de outra natureza;0;0;0;0;0;0;0;0;0;0;0;0;0;0;0
13/11/2021;00:13:43;2;Sem vítima;315.000;3338;Decrescente;Acidentes de outra natureza;0;0;0;0;0;0;0;0;0;0;0;0;0;0;0
13/11/2021;06:18:42;31;Com vítima;268.000;3341;Decrescente;Capotamento;0;0;0;0;0;0;0;0;0;0;0;0;0;0;0
13/11/2021;10:55:22;70;Com vítima;312.000;3338;Decrescente;Colisão traseira;0;0;0;0;0;0;0;0;0;0;0;0;0;0;0
13/11/2021;19:29:13;126;Sem vítima;290.000;3338;Decrescente;Acidentes de outra natureza;0;0;0;0;0;0;0;0;0;0;0;0;0;0;0
14/11/2021;02:31:21;4;Sem vítima;329.900;3338;Decrescente;Acidentes de outra natureza;0;0;0;0;0;0;0;0;0;0;0;0;0;0;0
15/11/2021;00:39:06;3;Sem vítima;334.000;3331;Crescente;Acidentes de outra natureza;0;0;0;0;0;0;0;0;0;0;0;0;0;0;0
15/11/2021;02:45:27;5;Com vítima;281.000;3329;Crescente;Choque;0;0;0;0;0;0;0;0;0;0;0;0;0;0;0
15/11/2021;11:19:24;48;Sem vítima;340.000;3336;Decrescente;Acidentes de outra natureza;0;0;0;0;0;0;0;0;0;0;0;0;0;0;0
15/11/2021;11:41:30;52;Com vítima;368.000;3335;Crescente;Acidentes de outra natureza;0;0;0;0;0;0;0;0;0;0;0;0;0;0;0
15/11/2021;17:04:35;82;Sem vítima;344.000;3336;Decrescente;Colisão traseira;0;0;0;0;0;0;0;0;0;0;0;0;0;0;0
15/11/2021;18:53:13;101;Sem vítima;377.000;3336;Decrescente;Acidentes de outra natureza;0;0;0;0;0;0;0;0;0;0;0;0;0;0;0
15/11/2021;19:41:30;108;Sem vítima;377.000;3336;Decrescente;Colisão traseira;0;0;0;0;0;0;0;0;0;0;0;0;0;0;0
15/11/2021;20:09:16;112;Sem vítima;328.000;3331;Crescente;Acidentes de outra natureza;0;0;0;0;0;0;0;0;0;0;0;0;0;0;0
15/11/2021;20:23:40;113;Sem vítima;327.500;3331;Crescente;Acidentes de outra natureza;0;0;0;0;0;0;0;0;0;0;0;0;0;0;0
16/11/2021;11:34:48;90;Sem vítima;327.000;3338;Decrescente;Acidentes de outra natureza;0;0;0;0;0;0;0;0;0;0;0;0;0;0;0
16/11/2021;19:59:39;154;Sem vítima;326.000;3331;Crescente;Acidentes de outra natureza;0;0;0;0;0;0;0;0;0;0;0;0;0;0;0
17/11/2021;18:12:15;120;Sem vítima;351.000;3336;Decrescente;Acidentes de outra natureza;0;0;0;0;0;0;0;0;0;0;0;0;0;0;0
17/11/2021;18:50:30;124;Com vítima;407.000;3335;Crescente;Acidentes de outra natureza;0;0;0;0;0;0;0;0;0;0;0;0;0;0;0
17/11/2021;23:06:55;134;Sem vítima;376.900;3335;Crescente;Acidentes de outra natureza;0;0;0;0;0;0;0;0;0;0;0;0;0;0;0
18/11/2021;06:03:15;12;Sem vítima;328.000;3338;Decrescente;Acidentes de outra natureza;0;0;0;0;0;0;0;0;0;0;0;0;0;0;0
18/11/2021;08:03:03;27;Sem vítima;277.000;3341;Decrescente;Colisão frontal;0;0;0;0;0;0;0;0;0;0;0;0;0;0;0
18/11/2021;10:18:58;47;Sem vítima;258.000;3344;Decrescente;Acidentes de outra natureza;0;0;0;0;0;0;0;0;0;0;0;0;0;0;0
18/11/2021;21:39:15;109;Sem vítima;464.000;3336;Decrescente;Acidentes de outra natureza;0;0;0;0;0;0;0;0;0;0;0;0;0;0;0
18/11/2021;22:48:59;114;Com vítima;324.000;3338;Decrescente;Queda de moto;0;0;0;0;0;0;0;0;0;0;0;0;0;0;0
19/11/2021;19:33:05;103;Sem vítima;435.000;3335;Crescente;Acidentes de outra natureza;0;0;0;0;0;0;0;0;0;0;0;0;0;0;0
19/11/2021;19:51:27;104;Sem vítima;401.000;3336;Decrescente;Acidentes de outra natureza;0;0;0;0;0;0;0;0;0;0;0;0;0;0;0
20/11/2021;01:06:38;4;Sem vítima;441.000;3336;Decrescente;Acidentes de outra natureza;0;0;0;0;0;0;0;0;0;0;0;0;0;0;0
20/11/2021;05:00:17;14;Com vítima;436.000;3336;Decrescente;Acidentes de outra natureza;0;0;0;0;0;0;0;0;0;0;0;0;0;0;0
20/11/2021;21:52:08;134;Sem vítima;282.000;3341;Decrescente;Acidentes de outra natureza;0;0;0;0;0;0;0;0;0;0;0;0;0;0;0
21/11/2021;04:49:01;11;Sem vítima;372.000;3336;Decrescente;Acidentes de outra natureza;0;0;0;0;0;0;0;0;0;0;0;0;0;0;0
21/11/2021;08:45:29;26;Sem vítima;359.000;3336;Decrescente;Colisão lateral no mesmo sentido;0;0;0;0;0;0;0;0;0;0;0;0;0;0;0
21/11/2021;20:39:14;93;Sem vítima;352.220;3336;Decrescente;Acidentes de outra natureza;0;0;0;0;0;0;0;0;0;0;0;0;0;0;0
21/11/2021;22:44:36;104;Sem vítima;276.000;3341;Decrescente;Acidentes de outra natureza;0;0;0;0;0;0;0;0;0;0;1;0;0;0;0
23/11/2021;03:45:02;9;Sem vítima;371.000;3336;Decrescente;Acidentes de outra natureza;0;0;0;0;0;0;0;0;0;0;0;0;0;0;0
24/11/2021;13:23:46;87;Sem vítima;397.000;3335;Crescente;Acidentes de outra natureza;0;0;0;0;0;0;0;0;0;0;0;0;0;0;0
25/11/2021;02:11:14;3;Sem vítima;333.000;3338;Decrescente;Acidentes de outra natureza;0;0;0;0;0;0;0;0;0;0;0;0;0;0;0
25/11/2021;07:40:59;40;Sem vítima;315.000;3338;Decrescente;Acidentes de outra natureza;0;0;0;0;0;0;0;0;0;0;0;0;0;0;0
25/11/2021;13:54:14;107;Com vítima;404.000;3336;Decrescente;Acidentes de outra natureza;0;0;0;0;0;0;0;0;0;0;0;0;0;0;0
25/11/2021;14:46:15;113;Sem vítima;458.000;3335;Crescente;Acidentes de outra natureza;0;0;0;0;0;0;0;0;0;0;0;0;0;0;0
26/11/2021;05:01:39;13;Sem vítima;321.000;3331;Crescente;Acidentes de outra natureza;0;0;0;0;0;0;0;0;0;0;0;0;0;0;0
26/11/2021;10:36:06;70;Sem vítima;297.000;3338;Decrescente;Acidentes de outra natureza;0;0;0;0;0;0;0;0;0;0;0;0;0;0;0
26/11/2021;11:43:55;80;Sem vítima;297.000;3338;Decrescente;Acidentes de outra natureza;0;0;0;0;0;0;0;0;0;0;0;0;0;0;0
26/11/2021;16:18:58;116;Com vítima;275.000;3329;Crescente;Queda de moto;0;0;0;0;0;0;0;0;0;0;0;0;0;0;0
26/11/2021;22:58:59;154;Sem vítima;360.000;3331;Crescente;Acidentes de outra natureza;0;0;0;0;0;0;0;0;0;0;0;0;0;0;0
27/11/2021;04:20:27;8;Sem vítima;416.000;3335;Crescente;Choque;0;0;0;0;0;0;0;0;0;0;0;0;0;0;0
27/11/2021;10:27:06;54;Sem vítima;387.000;3336;Decrescente;Capotamento;0;0;0;0;0;0;0;0;0;0;0;0;0;0;0
27/11/2021;11:29:19;60;Com vítima;262.000;3341;Decrescente;Acidentes de outra natureza;0;0;0;0;0;0;0;0;0;0;0;0;0;0;0
27/11/2021;16:18:19;84;Sem vítima;381.000;3335;Crescente;Acidentes de outra natureza;0;0;0;0;0;0;0;0;0;0;0;0;0;0;0
27/11/2021;18:47:23;99;Com vítima;432.000;3336;Decrescente;Acidentes de outra natureza;0;0;0;0;0;0;0;0;0;0;0;0;0;0;0
27/11/2021;20:29:05;111;Com vítima;358.000;3331;Crescente;Acidentes de outra natureza;0;0;0;0;0;0;0;0;0;0;0;0;0;0;0
27/11/2021;22:19:47;123;Sem vítima;272.000;3341;Decrescente;Acidentes de outra natureza;0;0;0;0;0;0;0;0;0;0;0;0;0;0;0
29/11/2021;00:00:49;1;Sem vítima;327.000;3331;Crescente;Acidentes de outra natureza;0;0;0;0;0;0;0;0;0;0;0;0;0;0;0
29/11/2021;06:16:20;17;Sem vítima;308.000;3338;Decrescente;Acidentes de outra natureza;0;0;0;0;0;0;0;0;0;0;0;0;0;0;0
29/11/2021;17:02:23;121;Sem vítima;386.000;3336;Decrescente;Acidentes de outra natureza;0;0;0;0;0;0;0;0;0;0;0;0;0;0;0
29/11/2021;18:29:34;129;Sem vítima;255.000;3345;Decrescente;Acidentes de outra natureza;0;0;0;0;0;0;0;0;0;0;0;0;0;0;0
01/12/2021;09:01:33;31;Com vítima;307.000;3338;Decrescente;Capotamento;0;0;0;0;0;0;0;0;0;0;0;0;0;0;0
02/12/2021;06:07:42;20;Sem vítima;328.850;3338;Decrescente;Colisão lateral no mesmo sentido;0;0;0;0;0;0;0;0;0;0;0;0;0;0;0
03/12/2021;01:35:16;1;Sem vítima;405.000;3336;Decrescente;Acidentes de outra natureza;0;0;0;0;0;0;0;0;0;0;0;0;0;0;0
03/12/2021;12:22:29;89;Sem vítima;249.000;3345;Decrescente;Acidentes de outra natureza;0;0;0;0;0;0;0;0;0;0;0;0;0;0;0
03/12/2021;18:15:50;124;Sem vítima;335.000;3338;Decrescente;Acidentes de outra natureza;0;0;0;0;0;0;0;0;0;0;0;0;0;0;0
03/12/2021;21:58:14;150;Sem vítima;353.000;3331;Crescente;Acidentes de outra natureza;0;0;0;0;0;0;0;0;0;0;0;0;0;0;0
04/12/2021;02:26:37;9;Sem vítima;317.000;3331;Crescente;Acidentes de outra natureza;0;0;0;0;0;0;0;0;0;0;0;0;0;0;0
04/12/2021;09:44:53;42;Sem vítima;274.000;3329;Crescente;Acidentes de outra natureza;0;0;0;0;0;0;0;0;0;0;0;0;0;0;0
04/12/2021;19:20:18;134;Com vítima;388.000;3335;Crescente;Acidentes de outra natureza;0;0;0;0;0;0;0;0;0;0;0;0;0;0;0
04/12/2021;23:28:56;157;Sem vítima;364.000;3333;Crescente;Acidentes de outra natureza;0;0;0;0;0;0;0;0;0;0;0;0;0;0;0
05/12/2021;04:11:18;16;Sem vítima;368.000;3335;Crescente;Acidentes de outra natureza;0;0;0;0;0;0;0;0;0;0;0;0;0;0;0
05/12/2021;17:58:03;78;Sem vítima;384.000;3336;Decrescente;Acidentes de outra natureza;0;0;0;0;0;0;0;0;0;0;0;0;0;0;0
05/12/2021;20:31:40;91;Sem vítima;335.500;3338;Decrescente;Acidentes de outra natureza;0;0;0;0;0;0;0;0;0;0;0;0;0;0;0
06/12/2021;14:46:05;88;Sem vítima;331.000;3338;Decrescente;Acidentes de outra natureza;0;0;0;0;0;0;0;0;0;0;0;0;0;0;0
06/12/2021;18:22:50;107;Sem vítima;383.000;3335;Crescente;Acidentes de outra natureza;0;0;0;0;0;0;0;0;0;0;0;0;0;0;0
07/12/2021;09:51:52;56;Sem vítima;392.000;3336;Decrescente;Colisão lateral no mesmo sentido;0;0;0;0;0;0;0;0;0;0;0;0;0;0;0
07/12/2021;18:52:12;122;Sem vítima;268.000;3329;Crescente;Acidentes de outra natureza;0;0;0;0;0;0;0;0;0;0;0;0;0;0;0
07/12/2021;21:01:42;135;Sem vítima;464.000;3336;Decrescente;Acidentes de outra natureza;0;0;0;0;0;0;0;0;0;0;0;0;0;0;0
08/12/2021;21:44:42;131;Sem vítima;289.000;3338;Decrescente;Acidentes de outra natureza;0;0;0;0;0;0;0;0;0;0;0;0;0;0;0
09/12/2021;21:06:34;113;Sem vítima;288.000;3338;Decrescente;Acidentes de outra natureza;0;0;0;0;0;0;0;0;0;0;0;0;0;0;0
10/12/2021;02:19:29;7;Sem vítima;449.500;3336;Decrescente;Acidentes de outra natureza;0;0;0;0;0;0;0;0;0;0;0;0;0;0;0
10/12/2021;23:38:09;145;Sem vítima;341.000;3336;Decrescente;Acidentes de outra natureza;0;0;0;0;0;0;0;0;0;0;0;0;0;0;0
11/12/2021;07:14:00;24;Sem vítima;302.000;3331;Crescente;Acidentes de outra natureza;0;0;0;0;0;0;0;0;0;0;1;0;0;0;0
12/12/2021;00:20:02;2;Sem vítima;393.000;3335;Crescente;Colisão traseira;0;0;0;0;0;0;0;0;0;0;0;0;0;0;0
12/12/2021;09:07:28;34;Sem vítima;298.000;3338;Decrescente;Acidentes de outra natureza;0;0;0;0;0;0;0;0;0;0;0;0;0;0;0
12/12/2021;18:54:09;99;Sem vítima;275.000;3329;Crescente;Acidentes de outra natureza;0;0;0;0;0;0;0;0;0;0;0;0;0;0;0
13/12/2021;10:45:44;66;Sem vítima;256.000;3329;Crescente;Acidentes de outra natureza;0;0;0;0;0;0;0;0;0;0;0;0;0;0;0
13/12/2021;19:30:01;125;Sem vítima;289.000;3338;Decrescente;Acidentes de outra natureza;0;0;0;0;0;0;0;0;0;0;0;0;0;0;0
13/12/2021;21:35:30;138;Sem vítima;447.000;3335;Crescente;Acidentes de outra natureza;0;0;0;0;0;0;0;0;0;0;0;0;0;0;0
14/12/2021;14:37:03;75;Sem vítima;246.000;3345;Decrescente;Acidentes de outra natureza;0;0;0;0;0;0;0;0;0;0;0;0;0;0;0
14/12/2021;18:22:57;106;Sem vítima;277.000;3329;Crescente;Acidentes de outra natureza;0;0;0;0;0;0;0;0;0;0;0;0;0;0;0
16/12/2021;14:27:34;85;Sem vítima;389.000;3335;Crescente;Acidentes de outra natureza;0;0;0;0;0;0;0;0;0;0;0;0;0;0;0