data;horario;n_da_ocorrencia;tipo_de_ocorrencia;km;trecho;sentido;tipo_de_acidente;automovel;bicicleta;caminhao;moto;onibus;outros;tracao_animal;transporte_de_cargas_especiais;trator_maquinas;utilitarios;ilesos;levemente_feridos;moderadamente_feridos;gravemente_feridos;mortos
16/12/2021;22:48:42;139;Sem vítima;350.000;3336;Decrescente;Acidentes de outra natureza;0;0;0;0;0;0;0;0;0;0;0;0;0;0;0
16/12/2021;22:51:02;140;Sem vítima;253.000;3345;Decrescente;Acidentes de outra natureza;0;0;0;0;0;0;0;0;0;0;0;0;0;0;0
17/12/2021;10:34:24;63;Sem vítima;270.000;3341;Decrescente;Choque;0;0;0;0;0;0;0;0;0;0;0;0;0;0;0
17/12/2021;18:29:42;114;Sem vítima;289.000;3329;Crescente;Acidentes de outra natureza;0;0;0;0;0;0;0;0;0;0;0;0;0;0;0
18/12/2021;17:56:50;80;Sem vítima;257.000;3345;Decrescente;Acidentes de outra natureza;0;0;0;0;0;0;0;0;0;0;0;0;0;0;0
18/12/2021;21:53:54;101;Sem vítima;461.000;3336;Decrescente;Acidentes de outra natureza;0;0;0;0;0;0;0;0;0;0;0;0;0;0;0
19/12/2021;00:00:34;1;Sem vítima;282.000;3341;Decrescente;Acidentes de outra natureza;0;0;0;0;0;0;0;0;0;0;0;0;0;0;0
19/12/2021;15:49:41;74;Sem vítima;401.000;3336;Decrescente;Colisão traseira;0;0;0;0;0;0;0;0;0;0;0;0;0;0;0
21/12/2021;02:31:16;6;Sem vítima;308.000;3338;Decrescente;Acidentes de outra natureza;0;0;0;0;0;0;0;0;0;0;0;0;0;0;0
21/12/2021;10:12:01;55;Sem vítima;335.000;3338;Decrescente;Acidentes de outra natureza;0;0;0;0;0;0;0;0;0;0;0;0;0;0;0
21/12/2021;11:30:47;63;Sem vítima;405.000;3336;Decrescente;Acidentes de outra natureza;0;0;0;0;0;0;0;0;0;0;0;0;0;0;0
22/12/2021;07:43:20;46;Sem vítima;298.000;3338;Decrescente;Acidentes de outra natureza;0;0;0;0;0;0;0;0;0;0;0;0;0;0;0
22/12/2021;17:20:29;119;Sem vítima;462.000;3335;Crescente;Acidentes de outra natureza;0;0;0;0;0;0;0;0;0;0;0;0;0;0;0
23/12/2021;02:29:57;10;Com vítima;360.000;3331;Crescente;Acidentes de outra natureza;0;0;0;0;0;0;0;0;0;0;0;0;0;0;0
24/12/2021;22:49:39;148;Com vítima;455.000;3336;Decrescente;Acidentes de outra natureza;0;0;0;0;0;0;0;0;0;0;0;0;0;0;0
25/12/2021;09:01:51;24;Sem vítima;256.000;3329;Crescente;Acidentes de outra natureza;0;0;0;0;0;0;0;0;0;0;0;0;0;0;0
25/12/2021;20:13:52;90;Com vítima;360.000;3336;Decrescente;Acidentes de outra natureza;0;0;0;0;0;0;0;0;0;0;0;0;0;0;0
25/12/2021;23:04:21;99;Sem vítima;378.000;3335;Crescente;Acidentes de outra natureza;0;0;0;0;0;0;0;0;0;0;0;0;0;0;0
27/12/2021;12:21:28;69;Sem vítima;435.000;3336;Decrescente;Acidentes de outra natureza;0;0;0;0;0;0;0;0;0;0;1;0;0;0;0
29/12/2021;08:56:52;42;Sem vítima;255.000;3345;Decrescente;Acidentes de outra natureza;0;0;0;0;0;0;0;0;0;0;0;0;0;0;0
29/12/2021;20:45:32;132;Sem vítima;298.000;3338;Decrescente;Acidentes de outra natureza;0;0;0;0;0;0;0;0;0;0;0;0;0;0;0
30/12/2021;06:26:31;18;Sem vítima;336.000;3331;Crescente;Acidentes de outra natureza;0;0;0;0;0;0;0;0;0;0;0;0;0;0;0
30/12/2021;09:22:00;43;Sem vítima;370.000;3336;Decrescente;Acidentes de outra natureza;0;0;0;0;0;0;0;0;0;0;0;0;0;0;0
31/12/2021;05:24:10;19;Com vítima;301.000;3338;Decrescente;Acidentes de outra natureza;0;0;0;0;0;0;0;0;0;0;0;0;0;0;0
01/11/2021;02:18:43;14;Sem vítima;831.587;1132;Crescente;Colisão transversal;0;0;0;0;0;0;0;0;0;0;0;0;0;0;0
01/11/2021;08:12:50;33;Sem vítima;221.820;1220;Decrescente;Saída de pista;0;0;0;0;0;0;0;0;0;0;0;0;0;0;0
01/11/2021;10:50:42;77;Sem vítima;841.483;1283;Decrescente;Colisão transversal;0;0;0;0;0;0;0;0;0;0;0;0;0;0;0
01/11/2021;11:57:01;94;Sem vítima;269.501;1159;Crescente;Colisão traseira;0;0;0;0;0;0;0;0;0;0;0;0;0;0;0
01/11/2021;12:19:42;98;Sem vítima;825.197;1139;Decrescente;Colisão frontal;0;0;0;0;0;0;0;0;0;0;0;0;0;0;0
01/11/2021;17:13:25;160;Sem vítima;823.428;1282;Decrescente;Colisão traseira;0;0;0;0;0;0;0;0;0;0;0;0;0;0;0
01/11/2021;20:21:32;199;Sem vítima;831.528;1132;Crescente;Colisão transversal;0;0;0;0;0;0;0;0;0;0;0;0;0;0;0
01/11/2021;21:07:58;212;Sem vítima;271.731;1160;Crescente;Atropelamento de pedestre;0;0;0;0;0;0;0;0;0;0;0;0;0;0;0
02/11/2021;02:49:05;243;Sem vítima;649.799;1273;Decrescente;Choque;0;0;0;0;0;0;0;0;0;0;0;0;0;0;0
02/11/2021;15:08:44;127;Sem vítima;565.600;1267;Decrescente;Tombamento;0;0;0;0;0;0;0;0;0;0;0;0;0;0;0
02/11/2021;15:18:09;122;Sem vítima;305.300;1162;Crescente;Saída de pista;0;0;0;0;0;0;0;0;0;0;0;0;0;0;0
02/11/2021;17:29:28;157;Sem vítima;727.869;1277;Decrescente;Queda de moto;0;0;0;0;0;0;0;0;0;0;0;0;0;0;0
02/11/2021;18:25:19;167;Sem vítima;702.643;1203;Crescente;Queda de moto;0;0;0;0;0;0;0;0;0;0;0;0;0;0;0
02/11/2021;20:49:26;200;Com vítima;394.327;1167;Crescente;Atropelamento de pedestre;0;0;0;0;0;0;0;0;0;0;0;0;0;0;1
02/11/2021;20:51:59;199;Sem vítima;687.650;1274;Decrescente;Colisão transversal;0;0;0;0;0;0;0;0;0;0;0;0;0;0;0
02/11/2021;22:08:49;211;Sem vítima;209.665;1146;Crescente;Choque;0;0;0;0;0;0;0;0;0;0;0;0;0;0;0
02/11/2021;22:44:40;219;Sem vítima;567.363;1195;Crescente;Saída de pista;0;0;0;0;0;0;0;0;0;0;0;0;0;0;0
03/11/2021;07:50:28;40;Sem vítima;594.457;1136;Decrescente;Colisão frontal;0;0;0;0;0;0;0;0;0;0;0;0;0;0;0
03/11/2021;07:50:30;36;Sem vítima;770.637;1208;Crescente;Tombamento;0;0;0;0;0;0;0;0;0;0;0;0;0;0;0
03/11/2021;08:43:40;57;Sem vítima;744.988;1205;Crescente;Capotamento;0;0;0;0;0;0;0;0;0;0;0;0;0;0;0
03/11/2021;11:29:48;106;Sem vítima;773.648;1208;Crescente;Colisão traseira;0;0;0;0;0;0;0;0;0;0;0;0;0;0;0
03/11/2021;13:47:55;136;Sem vítima;290.406;1234;Decrescente;Saída de pista;0;0;0;0;0;0;0;0;0;0;0;0;0;0;0
03/11/2021;18:37:26;241;Sem vítima;469.350;1246;Decrescente;Choque;0;0;0;0;0;0;0;0;0;0;0;0;0;0;0
04/11/2021;08:25:54;43;Sem vítima;831.199;1132;Crescente;Colisão transversal;0;0;0;0;0;0;0;0;0;0;0;0;0;0;0
04/11/2021;14:11:52;173;Sem vítima;816.983;1208;Crescente;Colisão transversal;0;0;0;0;0;0;0;0;0;0;0;0;0;0;0
04/11/2021;15:32:25;200;Sem vítima;342.948;1163;Crescente;Saída de pista;0;0;0;0;0;0;0;0;0;0;0;0;0;0;0
04/11/2021;16:39:35;192;Sem vítima;586.142;1269;Decrescente;Tombamento;0;0;0;0;0;0;0;0;0;0;0;0;0;0;0
04/11/2021;18:07:54;248;Sem vítima;586.142;1269;Decrescente;Colisão lateral no mesmo sentido;0;0;0;0;0;0;0;0;0;0;0;0;0;0;0
04/11/2021;18:10:36;245;Sem vítima;835.399;1132;Crescente;Colisão lateral no mesmo sentido;0;0;0;0;0;0;0;0;0;0;0;0;0;0;0
04/11/2021;20:02:10;274;Sem vítima;745.122;1278;Decrescente;Colisão traseira;0;0;0;0;0;0;0;0;0;0;0;0;0;0;0
04/11/2021;20:53:40;288;Sem vítima;826.695;1132;Crescente;Colisão transversal;0;0;0;0;0;0;0;0;0;0;0;0;0;0;0
04/11/2021;22:07:56;302;Sem vítima;461.481;1244;Decrescente;Saída de pista;0;0;0;0;0;0;0;0;0;0;0;0;0;0;0
05/11/2021;06:45:53;34;Sem vítima;664.647;1201;Crescente;Choque;0;0;0;0;0;0;0;0;0;0;0;0;0;0;0
05/11/2021;08:36:54;58;Sem vítima;659.188;1201;Crescente;Colisão lateral no mesmo sentido;0;0;0;0;0;0;0;0;0;0;0;0;0;0;0
05/11/2021;11:03:13;130;Sem vítima;209.984;1219;Decrescente;Tombamento;0;0;0;0;0;0;0;0;0;0;0;0;0;0;0
05/11/2021;14:46:36;184;Sem vítima;797.470;1280;Decrescente;Saída de pista;0;0;0;0;0;0;0;0;0;0;0;0;0;0;0
05/11/2021;15:10:06;181;Sem vítima;318.287;1162;Crescente;Tombamento;0;0;0;0;0;0;0;0;0;0;0;0;0;0;0
05/11/2021;15:21:26;183;Sem vítima;513.369;1242;Decrescente;Colisão transversal;0;0;0;0;0;0;0;0;0;0;0;0;0;0;0
05/11/2021;15:29:03;189;Sem vítima;529.428;1189;Crescente;Tombamento;0;0;0;0;0;0;0;0;0;0;0;0;0;0;0
05/11/2021;17:08:17;216;Sem vítima;333.662;1235;Decrescente;Tombamento;0;0;0;0;0;0;0;0;0;0;0;0;0;0;0
05/11/2021;17:31:10;204;Sem vítima;463.837;1172;Crescente;Colisão lateral no mesmo sentido;0;0;0;0;0;0;0;0;0;0;0;0;0;0;0
05/11/2021;20:20:37;268;Sem vítima;512.883;1170;Crescente;Saída de pista;0;0;0;0;0;0;0;0;0;0;0;0;0;0;0
06/11/2021;02:06:31;13;Sem vítima;832.150;1210;Crescente;Saída de pista;0;0;0;0;0;0;0;0;0;0;0;0;0;0;0
06/11/2021;09:19:43;43;Sem vítima;464.246;1172;Crescente;Choque;0;0;0;0;0;0;0;0;0;0;0;0;0;0;0
06/11/2021;18:35:50;174;Sem vítima;686.189;1274;Decrescente;Colisão lateral no mesmo sentido;0;0;0;0;0;0;0;0;0;0;0;0;0;0;0
06/11/2021;23:05:05;221;Sem vítima;831.520;1139;Decrescente;Colisão frontal;0;0;0;0;0;0;0;0;0;0;0;0;0;0;0
07/11/2021;04:55:38;24;Sem vítima;837.212;1282;Decrescente;Colisão transversal;0;0;0;0;0;0;0;0;0;0;0;0;0;0;0
07/11/2021;05:30:30;29;Sem vítima;854.313;1211;Crescente;Capotamento;0;0;0;0;0;0;0;0;0;0;0;0;0;0;0
07/11/2021;08:47:46;58;Sem vítima;202.982;1146;Crescente;Tombamento;0;0;0;0;0;0;0;0;0;0;0;0;0;0;0
07/11/2021;13:06:38;109;Sem vítima;586.926;1269;Decrescente;Colisão traseira;0;0;0;0;0;0;0;0;0;0;0;0;0;0;0
07/11/2021;19:55:32;212;Sem vítima;374.191;1166;Crescente;Queda de moto;0;0;0;0;0;0;0;0;0;0;0;0;0;0;0
07/11/2021;21:57:26;252;Sem vítima;76.575;1141;Crescente;Colisão lateral no mesmo sentido;0;0;0;0;0;0;0;0;0;0;0;0;0;0;0
07/11/2021;22:28:17;255;Sem vítima;808.254;1280;Decrescente;Capotamento;0;0;0;0;0;0;0;0;0;0;0;0;0;0;0
07/11/2021;23:21:09;259;Com vítima;503.227;1242;Decrescente;Atropelamento de animal;0;0;0;0;0;0;0;0;0;0;0;0;0;0;0
07/11/2021;23:59:17;265;Sem vítima;751.953;1279;Decrescente;Colisão transversal;0;0;0;0;0;0;0;0;0;0;0;0;0;0;0
08/11/2021;00:04:08;263;Sem vítima;563.540;1194;Crescente;Atropelamento de animal;0;0;0;0;0;0;0;0;0;0;0;0;0;0;0
08/11/2021;01:02:42;268;Sem vítima;829.120;1282;Decrescente;Queda de moto;0;0;0;0;0;0;0;0;0;0;0;0;0;0;0
08/11/2021;02:52:45;15;Sem vítima;522.238;1242;Decrescente;Saída de pista;0;0;0;0;0;0;0;0;0;0;0;0;0;0;0
08/11/2021;03:07:09;17;Sem vítima;829.267;1132;Crescente;Tombamento;0;0;0;0;0;0;0;0;0;0;0;0;0;0;0
08/11/2021;04:52:13;21;Com vítima;843.500;1211;Crescente;Atropelamento de animal;0;0;0;0;0;0;0;0;0;0;0;0;0;0;0
08/11/2021;07:32:59;40;Sem vítima;686.489;1274;Decrescente;Colisão lateral no mesmo sentido;0;0;0;0;0;0;0;0;0;0;0;0;0;0;0
08/11/2021;12:28:15;143;Sem vítima;831.540;1139;Decrescente;Colisão traseira;0;0;0;0;0;0;0;0;0;0;0;0;0;0;0
08/11/2021;14:34:12;172;Sem vítima;494.679;1181;Crescente;Colisão traseira;0;0;0;0;0;0;0;0;0;0;0;0;0;0;0
08/11/2021;15:24:16;187;Sem vítima;383.523;1238;Decrescente;Saída de pista;0;0;0;0;0;0;0;0;0;0;0;0;0;0;0
08/11/2021;17:14:04;208;Sem vítima;629.436;1273;Decrescente;Tombamento;0;0;0;0;0;0;0;0;0;0;0;0;0;0;0
08/11/2021;17:24:38;214;Sem vítima;463.221;1172;Crescente;Tombamento;0;0;0;0;0;0;0;0;0;0;0;0;0;0;0
08/11/2021;19:34:34;245;Sem vítima;838.516;1282;Decrescente;Colisão lateral no mesmo sentido;0;0;0;0;0;0;0;0;0;0;0;0;0;0;0
08/11/2021;20:18:11;249;Sem vítima;521.530;1242;Decrescente;Colisão transversal;0;0;0;0;0;0;0;0;0;0;0;0;0;0;0
08/11/2021;20:48:08;264;Sem vítima;265.800;1157;Crescente;Colisão lateral no mesmo sentido;0;0;0;0;0;0;0;0;0;0;0;0;0;0;0
08/11/2021;21:49:28;277;Sem vítima;435.676;1171;Crescente;Colisão transversal;0;0;0;0;0;0;0;0;0;0;0;0;0;0;0
09/11/2021;08:13:02;41;Sem vítima;841.471;1283;Decrescente;Colisão transversal;0;0;0;0;0;0;0;0;0;0;0;0;0;0;0
09/11/2021;08:21:57;48;Sem vítima;506.120;1242;Decrescente;Queda de moto;0;0;0;0;0;0;0;0;0;0;0;0;0;0;0
09/11/2021;09:57:25;83;Sem vítima;216.567;1220;Decrescente;Saída de pista;0;0;0;0;0;0;0;0;0;0;0;0;0;0;0
09/11/2021;11:11:56;92;Sem vítima;269.693;1159;Crescente;Queda de moto;0;0;0;0;0;0;0;0;0;0;0;0;0;0;0
09/11/2021;13:05:44;155;Sem vítima;837.133;1132;Crescente;Colisão transversal;0;0;0;0;0;0;0;0;0;0;0;0;0;0;0
09/11/2021;13:42:12;162;Sem vítima;546.492;1193;Crescente;Saída de pista;0;0;0;0;0;0;0;0;0;0;0;0;0;0;0
09/11/2021;14:01:03;154;Sem vítima;346.241;1164;Crescente;Choque;0;0;0;0;0;0;0;0;0;0;0;0;0;0;0
09/11/2021;14:09:52;165;Sem vítima;346.990;1164;Crescente;Saída de pista;0;0;0;0;0;0;0;0;0;0;0;0;0;0;0
09/11/2021;14:09:59;170;Sem vítima;835.379;1132;Crescente;Colisão transversal;0;0;0;0;0;0;0;0;0;0;0;0;0;0;0
09/11/2021;16:24:44;199;Sem vítima;639.219;1201;Crescente;Capotamento;0;0;0;0;0;0;0;0;0;0;0;0;0;0;0
09/11/2021;16:53:44;208;Sem vítima;842.400;1211;Crescente;Choque;0;0;0;0;0;0;0;0;0;0;0;0;0;0;0
09/11/2021;18:58:18;253;Sem vítima;834.800;1139;Decrescente;Colisão frontal;0;0;0;0;0;0;0;0;0;0;0;0;0;0;0
09/11/2021;20:34:03;272;Sem vítima;206.310;1146;Crescente;Colisão lateral no mesmo sentido;0;0;0;0;0;0;0;0;0;0;0;0;0;0;0
09/11/2021;21:07:42;277;Sem vítima;796.767;1208;Crescente;Tombamento;0;0;0;0;0;0;0;0;0;0;0;0;0;0;0
09/11/2021;21:45:13;269;Sem vítima;823.225;1139;Decrescente;Colisão transversal;0;0;0;0;0;0;0;0;0;0;0;0;0;0;0
10/11/2021;07:48:54;35;Sem vítima;276.802;1233;Decrescente;Saída de pista;0;0;0;0;0;0;0;0;0;0;0;0;0;0;0
10/11/2021;08:14:02;45;Sem vítima;621.338;1273;Decrescente;Colisão traseira;0;0;0;0;0;0;0;0;0;0;0;0;0;0;0
10/11/2021;09:15:52;54;Sem vítima;516.897;1242;Decrescente;Colisão transversal;0;0;0;0;0;0;0;0;0;0;0;0;0;0;0
10/11/2021;19:12:44;260;Sem vítima;744.132;1277;Decrescente;Colisão lateral no mesmo sentido;0;0;0;0;0;0;0;0;0;0;0;0;0;0;0
10/11/2021;20:22:03;289;Sem vítima;71.491;1213;Decrescente;Saída de pista;0;0;0;0;0;0;0;0;0;0;0;0;0;0;0
11/11/2021;00:47:01;293;Sem vítima;835.411;1132;Crescente;Colisão transversal;0;0;0;0;0;0;0;0;0;0;0;0;0;0;0
11/11/2021;05:02:45;30;Sem vítima;748.838;1206;Crescente;Colisão traseira;0;0;0;0;0;0;0;0;0;0;0;0;0;0;0
11/11/2021;05:27:37;32;Sem vítima;700.500;1203;Crescente;Saída de pista;0;0;0;0;0;0;0;0;0;0;0;0;0;0;0
11/11/2021;07:22:04;43;Sem vítima;91.748;1213;Decrescente;Queda de moto;0;0;0;0;0;0;0;0;0;0;0;0;0;0;0
11/11/2021;10:35:56;93;Sem vítima;351.302;1164;Crescente;Colisão lateral no mesmo sentido;0;0;0;0;0;0;0;0;0;0;0;0;0;0;0
11/11/2021;10:35:58;105;Sem vítima;351.202;1164;Crescente;Saída de pista;0;0;0;0;0;0;0;0;0;0;0;0;0;0;0
11/11/2021;11:06:26;115;Sem vítima;832.655;1210;Crescente;Saída de pista;0;0;0;0;0;0;0;0;0;0;0;0;0;0;0
11/11/2021;11:23:55;120;Sem vítima;579.168;1196;Crescente;Colisão traseira;0;0;0;0;0;0;0;0;0;0;0;0;0;0;0
11/11/2021;11:25:20;116;Sem vítima;742.883;1277;Decrescente;Colisão lateral no mesmo sentido;0;0;0;0;0;0;0;0;0;0;0;0;0;0;0
11/11/2021;13:16:02;146;Sem vítima;677.900;1201;Crescente;Colisão traseira;0;0;0;0;0;0;0;0;0;0;0;0;0;0;0
11/11/2021;15:13:55;184;Sem vítima;551.226;1265;Decrescente;Saída de pista;0;0;0;0;0;0;0;0;0;0;0;0;0;0;0
11/11/2021;16:04:29;203;Sem vítima;838.142;1282;Decrescente;Colisão transversal;0;0;0;0;0;0;0;0;0;0;0;0;0;0;0
11/11/2021;16:59:28;215;Sem vítima;639.500;1273;Decrescente;Saída de pista;0;0;0;0;0;0;0;0;0;0;0;0;0;0;0
11/11/2021;17:41:27;230;Sem vítima;836.650;1139;Decrescente;Colisão lateral no mesmo sentido;0;0;0;0;0;0;0;0;0;0;0;0;0;0;0
11/11/2021;20:15:52;283;Sem vítima;835.108;1132;Crescente;Colisão traseira;0;0;0;0;0;0;0;0;0;0;0;0;0;0;0
12/11/2021;08:45:13;74;Sem vítima;435.588;1243;Decrescente;Colisão transversal;0;0;0;0;0;0;0;0;0;0;0;0;0;0;0
12/11/2021;12:33:48;157;Sem vítima;827.102;1282;Decrescente;Saída de pista;0;0;0;0;0;0;0;0;0;0;0;0;0;0;0
12/11/2021;12:45:39;144;Sem vítima;632.162;1201;Crescente;Colisão lateral no mesmo sentido;0;0;0;0;0;0;0;0;0;0;0;0;0;0;0
12/11/2021;12:49:16;164;Sem vítima;204.825;1218;Decrescente;Colisão lateral no mesmo sentido;0;0;0;0;0;0;0;0;0;0;0;0;0;0;0
12/11/2021;13:23:36;171;Sem vítima;766.700;1208;Crescente;Colisão traseira;0;0;0;0;0;0;0;0;0;0;0;0;0;0;0
12/11/2021;14:31:40;187;Sem vítima;830.727;1139;Decrescente;Colisão traseira;0;0;0;0;0;0;0;0;0;0;0;0;0;0;0
12/11/2021;16:28:04;218;Sem vítima;661.679;1273;Decrescente;Capotamento;0;0;0;0;0;0;0;0;0;0;0;0;0;0;0
12/11/2021;18:26:35;258;Sem vítima;349.732;1164;Crescente;Saída de pista;0;0;0;0;0;0;0;0;0;0;0;0;0;0;0
12/11/2021;19:30:31;275;Sem vítima;307.682;1234;Decrescente;Capotamento;0;0;0;0;0;0;0;0;0;0;0;0;0;0;0
12/11/2021;21:56:27;313;Sem vítima;622.156;1201;Crescente;Tombamento;0;0;0;0;0;0;0;0;0;0;0;0;0;0;0
13/11/2021;09:29:48;84;Sem vítima;581.536;1269;Decrescente;Tombamento;0;0;0;0;0;0;0;0;0;0;0;0;0;0;0
13/11/2021;11:56:58;134;Sem vítima;394.630;1167;Crescente;Tombamento;0;0;0;0;0;0;0;0;0;0;0;0;0;0;0
13/11/2021;14:24:46;175;Sem vítima;634.100;1273;Decrescente;Saída de pista;0;0;0;0;0;0;0;0;0;0;0;0;0;0;0
13/11/2021;14:24:50;164;Sem vítima;632.639;1273;Decrescente;Colisão traseira;0;0;0;0;0;0;0;0;0;0;0;0;0;0;0
13/11/2021;14:24:56;157;Sem vítima;632.248;1201;Crescente;Capotamento;0;0;0;0;0;0;0;0;0;0;0;0;0;0;0
13/11/2021;14:53:44;171;Sem vítima;557.921;1265;Decrescente;Choque;0;0;0;0;0;0;0;0;0;0;0;0;0;0;0
13/11/2021;15:24:10;190;Sem vítima;827.286;1282;Decrescente;Colisão transversal;0;0;0;0;0;0;0;0;0;0;0;0;0;0;0
13/11/2021;16:06:07;193;Sem vítima;326.111;1234;Decrescente;Capotamento;0;0;0;0;0;0;0;0;0;0;0;0;0;0;0
13/11/2021;16:20:21;208;Sem vítima;646.132;1273;Decrescente;Queda de moto;0;0;0;0;0;0;0;0;0;0;0;0;0;0;0
13/11/2021;16:53:05;218;Sem vítima;641.139;1273;Decrescente;Colisão traseira;0;0;0;0;0;0;0;0;0;0;0;0;0;0;0
13/11/2021;20:47:36;257;Sem vítima;249.693;1224;Decrescente;Acidentes de outra natureza;0;0;0;0;0;0;0;0;0;0;0;0;0;0;0
13/11/2021;21:04:22;270;Sem vítima;310.152;1162;Crescente;Colisão traseira;0;0;0;0;0;0;0;0;0;0;0;0;0;0;0
13/11/2021;23:53:21;301;Sem vítima;780.222;1280;Decrescente;Choque;0;0;0;0;0;0;0;0;0;0;0;0;0;0;0
14/11/2021;04:54:42;31;Sem vítima;517.721;1242;Decrescente;Colisão transversal;0;0;0;0;0;0;0;0;0;0;0;0;0;0;0
14/11/2021;06:12:33;280;Sem vítima;311.669;1162;Crescente;Atropelamento de animal;0;0;0;0;0;0;0;0;0;0;0;0;0;0;0
14/11/2021;08:41:41;61;Sem vítima;285.231;1162;Crescente;Tombamento;0;0;0;0;0;0;0;0;0;0;0;0;0;0;0
14/11/2021;10:08:53;72;Sem vítima;357.527;1236;Decrescente;Tombamento;0;0;0;0;0;0;0;0;0;0;0;0;0;0;0
14/11/2021;20:08:39;193;Sem vítima;807.928;1280;Decrescente;Colisão lateral no mesmo sentido;0;0;0;0;0;0;0;0;0;0;0;0;0;0;0
14/11/2021;23:41:26;214;Sem vítima;334.437;1235;Decrescente;Saída de pista;0;0;0;0;0;0;0;0;0;0;0;0;0;0;0
15/11/2021;00:54:43;222;Sem vítima;831.885;1139;Decrescente;Saída de pista;0;0;0;0;0;0;0;0;0;0;0;0;0;0;0
15/11/2021;06:55:44;35;Sem vítima;203.200;1218;Decrescente;Queda de moto;0;0;0;0;0;0;0;0;0;0;0;0;0;0;0
15/11/2021;07:11:28;33;Sem vítima;350.349;1236;Decrescente;Choque;0;0;0;0;0;0;0;0;0;0;0;0;0;0;0
15/11/2021;09:53:36;70;Sem vítima;578.910;1196;Crescente;Saída de pista;0;0;0;0;0;0;0;0;0;0;0;0;0;0;0
15/11/2021;10:54:21;63;Sem vítima;119.379;1144;Crescente;Colisão lateral no mesmo sentido;0;0;0;0;0;0;0;0;0;0;0;0;0;0;0
15/11/2021;10:57:11;84;Sem vítima;763.160;1280;Decrescente;Saída de pista;0;0;0;0;0;0;0;0;0;0;0;0;0;0;0
15/11/2021;11:31:43;100;Sem vítima;646.160;1273;Decrescente;Colisão lateral no mesmo sentido;0;0;0;0;0;0;0;0;0;0;0;0;0;0;0
15/11/2021;11:31:44;88;Sem vítima;529.691;1261;Decrescente;Saída de pista;0;0;0;0;0;0;0;0;0;0;0;0;0;0;0
15/11/2021;11:45:39;99;Sem vítima;587.750;1269;Decrescente;Saída de pista;0;0;0;0;0;0;0;0;0;0;0;0;0;0;0
15/11/2021;12:46:56;120;Sem vítima;646.160;1201;Crescente;Saída de pista;0;0;0;0;0;0;0;0;0;0;0;0;0;0;0
15/11/2021;14:41:42;131;Sem vítima;349.953;1236;Decrescente;Tombamento;0;0;0;0;0;0;0;0;0;0;0;0;0;0;0
15/11/2021;17:39:55;194;Sem vítima;507.944;1242;Decrescente;Tombamento;0;0;0;0;0;0;0;0;0;0;0;0;0;0;0
15/11/2021;20:11:23;235;Sem vítima;207.996;1218;Decrescente;Colisão transversal;0;0;0;0;0;0;0;0;0;0;0;0;0;0;0
16/11/2021;01:48:24;7;Com vítima;770.663;1280;Decrescente;Atropelamento de animal;0;0;0;0;0;0;0;0;0;0;0;0;0;0;0
16/11/2021;06:52:00;44;Sem vítima;523.995;1242;Decrescente;Colisão transversal;0;0;0;0;0;0;0;0;0;0;0;0;0;0;0
16/11/2021;06:56:12;45;Sem vítima;516.495;1170;Crescente;Engavetamento;0;0;0;0;0;0;0;0;0;0;0;0;0;0;0
16/11/2021;11:53:06;136;Sem vítima;827.530;1282;Decrescente;Colisão lateral no mesmo sentido;0;0;0;0;0;0;0;0;0;0;0;0;0;0;0
16/11/2021;14:35:26;184;Sem vítima;114.968;1215;Decrescente;Saída de pista;0;0;0;0;0;0;0;0;0;0;0;0;0;0;0
16/11/2021;14:50:21;187;Sem vítima;759.700;1279;Decrescente;Tombamento;0;0;0;0;0;0;0;0;0;0;0;0;0;0;0
16/11/2021;15:49:11;172;Sem vítima;330.823;1235;Decrescente;Saída de pista;0;0;0;0;0;0;0;0;0;0;0;0;0;0;0