data;horario;n_da_ocorrencia;tipo_de_ocorrencia;km;trecho;sentido;tipo_de_acidente;automovel;bicicleta;caminhao;moto;onibus;outros;tracao_animal;transporte_de_cargas_especiais;trator_maquinas;utilitarios;ilesos;levemente_feridos;moderadamente_feridos;gravemente_feridos;mortos
16/11/2021;15:49:28;209;Sem vítima;108.600;1214;Decrescente;Colisão traseira;0;0;0;0;0;0;0;0;0;0;0;0;0;0;0
16/11/2021;16:09:31;216;Com vítima;835.121;1210;Crescente;Atropelamento de pedestre;0;0;0;0;0;0;0;0;0;0;0;1;0;0;0
16/11/2021;19:12:58;273;Sem vítima;511.947;1170;Crescente;Colisão transversal;0;0;0;0;0;0;0;0;0;0;0;0;0;0;0
16/11/2021;19:30:52;281;Sem vítima;201.101;1218;Decrescente;Colisão traseira;0;0;0;0;0;0;0;0;0;0;0;0;0;0;0
16/11/2021;21:15:19;305;Com vítima;770.404;1280;Decrescente;Atropelamento de animal;0;0;0;0;0;0;0;0;0;0;0;0;0;0;0
16/11/2021;21:15:29;301;Com vítima;770.404;1280;Decrescente;Atropelamento de animal;0;0;0;0;0;0;0;0;0;0;0;0;0;0;0
17/11/2021;01:32:31;330;Sem vítima;535.473;1191;Crescente;Colisão traseira;0;0;0;0;0;0;0;0;0;0;0;0;0;0;0
17/11/2021;01:44:42;329;Sem vítima;571.139;1267;Decrescente;Saída de pista;0;0;0;0;0;0;0;0;0;0;0;0;0;0;0
17/11/2021;02:47:58;20;Sem vítima;537.663;1263;Decrescente;Tombamento;0;0;0;0;0;0;0;0;0;0;0;0;0;0;0
17/11/2021;06:35:38;33;Sem vítima;445.709;1244;Decrescente;Tombamento;0;0;0;0;0;0;0;0;0;0;0;0;0;0;0
17/11/2021;15:48:40;179;Sem vítima;830.434;1282;Decrescente;Colisão transversal;0;0;0;0;0;0;0;0;0;0;0;0;0;0;0
17/11/2021;18:14:08;217;Sem vítima;269.993;1232;Decrescente;Tombamento;0;0;0;0;0;0;0;0;0;0;0;0;0;0;0
17/11/2021;18:27:44;215;Sem vítima;766.841;1208;Crescente;Colisão traseira;0;0;0;0;0;0;0;0;0;0;0;0;0;0;0
17/11/2021;19:18:03;228;Sem vítima;603.954;1273;Decrescente;Saída de pista;0;0;0;0;0;0;0;0;0;0;0;0;0;0;0
17/11/2021;20:26:00;242;Sem vítima;580.261;1197;Crescente;Tombamento;0;0;0;0;0;0;0;0;0;0;0;0;0;0;0
17/11/2021;21:23:35;252;Sem vítima;534.138;1191;Crescente;Saída de pista;0;0;0;0;0;0;0;0;0;0;0;0;0;0;0
17/11/2021;21:48:56;258;Sem vítima;396.995;1168;Crescente;Saída de pista;0;0;0;0;0;0;0;0;0;0;0;0;0;0;0
17/11/2021;22:01:26;255;Sem vítima;455.521;1172;Crescente;Colisão traseira;0;0;0;0;0;0;0;0;0;0;0;0;0;0;0
17/11/2021;22:14:02;251;Sem vítima;650.100;1201;Crescente;Colisão traseira;0;0;0;0;0;0;0;0;0;0;0;0;0;0;0
18/11/2021;04:05:43;30;Sem vítima;489.268;1181;Crescente;Choque;0;0;0;0;0;0;0;0;0;0;0;0;0;0;0
18/11/2021;07:43:52;38;Sem vítima;436.268;1171;Crescente;Colisão lateral no mesmo sentido;0;0;0;0;0;0;0;0;0;0;0;0;0;0;0
18/11/2021;08:22:40;45;Sem vítima;630.810;1201;Crescente;Queda de moto;0;0;0;0;0;0;0;0;0;0;0;0;0;0;0
18/11/2021;08:26:14;56;Sem vítima;445.902;1172;Crescente;Capotamento;0;0;0;0;0;0;0;0;0;0;0;0;0;0;0
18/11/2021;15:16:03;157;Sem vítima;491.139;1181;Crescente;Colisão traseira;0;0;0;0;0;0;0;0;0;0;0;0;0;0;0
18/11/2021;17:37:39;190;Sem vítima;498.529;1242;Decrescente;Tombamento;0;0;0;0;0;0;0;0;0;0;0;0;0;0;0
18/11/2021;18:45:45;230;Sem vítima;588.551;1269;Decrescente;Saída de pista;0;0;0;0;0;0;0;0;0;0;0;0;0;0;0
19/11/2021;09:52:05;101;Sem vítima;832.952;1210;Crescente;Colisão lateral no mesmo sentido;0;0;0;0;0;0;0;0;0;0;0;0;0;0;0
19/11/2021;10:06:27;108;Sem vítima;766.718;1208;Crescente;Colisão traseira;0;0;0;0;0;0;0;0;0;0;0;0;0;0;0
19/11/2021;10:53:33;122;Sem vítima;832.981;1132;Crescente;Colisão transversal;0;0;0;0;0;0;0;0;0;0;0;0;0;0;0
19/11/2021;11:49:09;128;Sem vítima;349.469;1164;Crescente;Capotamento;0;0;0;0;0;0;0;0;0;0;0;0;0;0;0
19/11/2021;11:55:00;146;Sem vítima;575.232;1267;Decrescente;Tombamento;0;0;0;0;0;0;0;0;0;0;0;0;0;0;0
19/11/2021;12:11:38;156;Sem vítima;515.366;1242;Decrescente;Colisão traseira;0;0;0;0;0;0;0;0;0;0;0;0;0;0;0
19/11/2021;13:01:03;170;Sem vítima;203.205;1218;Decrescente;Colisão traseira;0;0;0;0;0;0;0;0;0;0;0;0;0;0;0
19/11/2021;13:02:22;171;Sem vítima;115.320;1215;Decrescente;Choque;0;0;0;0;0;0;0;0;0;0;0;0;0;0;0
19/11/2021;13:21:44;180;Sem vítima;346.995;1164;Crescente;Saída de pista;0;0;0;0;0;0;0;0;0;0;0;0;0;0;0
19/11/2021;14:23:00;199;Sem vítima;445.723;1244;Decrescente;Saída de pista;0;0;0;0;0;0;0;0;0;0;0;0;0;0;0
19/11/2021;16:32:16;229;Sem vítima;350.288;1236;Decrescente;Saída de pista;0;0;0;0;0;0;0;0;0;0;0;0;0;0;0
19/11/2021;16:33:10;230;Sem vítima;440.536;1244;Decrescente;Saída de pista;0;0;0;0;0;0;0;0;0;0;0;0;0;0;0
19/11/2021;17:48:28;268;Sem vítima;440.746;1244;Decrescente;Saída de pista;0;0;0;0;0;0;0;0;0;0;0;0;0;0;0
19/11/2021;19:46:58;321;Sem vítima;217.800;1220;Decrescente;Capotamento;0;0;0;0;0;0;0;0;0;0;0;0;0;0;0
19/11/2021;22:23:21;358;Sem vítima;206.153;1218;Decrescente;Saída de pista;0;0;0;0;0;0;0;0;0;0;0;0;0;0;0
20/11/2021;08:39:11;84;Sem vítima;754.132;1279;Decrescente;Colisão lateral no mesmo sentido;0;0;0;0;0;0;0;0;0;0;0;0;0;0;0
20/11/2021;13:22:03;199;Sem vítima;838.159;1282;Decrescente;Colisão transversal;0;0;0;0;0;0;0;0;0;0;0;0;0;0;0
20/11/2021;14:59:24;222;Sem vítima;586.902;1197;Crescente;Colisão traseira;0;0;0;0;0;0;0;0;0;0;0;0;0;0;0
20/11/2021;15:54:55;215;Sem vítima;349.911;1164;Crescente;Tombamento;0;0;0;0;0;0;0;0;0;0;0;0;0;0;0
20/11/2021;17:58:01;277;Sem vítima;390.626;1167;Crescente;Colisão lateral no mesmo sentido;0;0;0;0;0;0;0;0;0;0;0;0;0;0;0
20/11/2021;18:56:33;297;Sem vítima;694.306;1203;Crescente;Colisão transversal;0;0;0;0;0;0;0;0;0;0;0;0;0;0;0
20/11/2021;20:27:50;327;Sem vítima;838.165;1282;Decrescente;Colisão transversal;0;0;0;0;0;0;0;0;0;0;0;0;0;0;0
20/11/2021;20:39:16;328;Sem vítima;251.590;1224;Decrescente;Queda de moto;0;0;0;0;0;0;0;0;0;0;0;0;0;0;0
20/11/2021;22:38:14;356;Sem vítima;513.965;1170;Crescente;Colisão transversal;0;0;0;0;0;0;0;0;0;0;0;0;0;0;0
21/11/2021;04:10:01;50;Sem vítima;808.408;1280;Decrescente;Saída de pista;0;0;0;0;0;0;0;0;0;0;0;0;0;0;0
21/11/2021;04:20:59;51;Sem vítima;784.797;1280;Decrescente;Saída de pista;0;0;0;0;0;0;0;0;0;0;0;0;0;0;0
21/11/2021;05:44:59;54;Sem vítima;101.100;1214;Decrescente;Tombamento;0;0;0;0;0;0;0;0;0;0;0;0;0;0;0
21/11/2021;10:12:00;95;Sem vítima;360.830;1237;Decrescente;Queda de moto;0;0;0;0;0;0;0;0;0;0;0;0;0;0;0
21/11/2021;11:37:31;114;Sem vítima;348.911;1164;Crescente;Choque;0;0;0;0;0;0;0;0;0;0;0;0;0;0;0
21/11/2021;14:12:07;159;Sem vítima;585.740;1269;Decrescente;Saída de pista;0;0;0;0;0;0;0;0;0;0;0;0;0;0;0
21/11/2021;16:53:13;196;Sem vítima;268.578;1231;Decrescente;Saída de pista;0;0;0;0;0;0;0;0;0;0;0;0;0;0;0
21/11/2021;16:58:29;192;Sem vítima;303.936;1234;Decrescente;Saída de pista;0;0;0;0;0;0;0;0;0;0;0;0;0;0;0
21/11/2021;17:17:56;204;Sem vítima;257.750;1154;Crescente;Saída de pista;0;0;0;0;0;0;0;0;0;0;0;0;0;0;0
21/11/2021;20:18:07;235;Sem vítima;843.167;1283;Decrescente;Saída de pista;0;0;0;0;0;0;0;0;0;0;0;0;0;0;0
21/11/2021;21:28:42;246;Sem vítima;828.731;1210;Crescente;Colisão transversal;0;0;0;0;0;0;0;0;0;0;0;0;0;0;0
21/11/2021;22:19:48;259;Sem vítima;826.478;1132;Crescente;Choque;0;0;0;0;0;0;0;0;0;0;0;0;0;0;0
21/11/2021;23:29:10;274;Sem vítima;347.828;1164;Crescente;Colisão traseira;0;0;0;0;0;0;0;0;0;0;0;0;0;0;0
22/11/2021;02:19:36;7;Sem vítima;794.106;1208;Crescente;Tombamento;0;0;0;0;0;0;0;0;0;0;0;0;0;0;0
22/11/2021;05:29:49;23;Sem vítima;540.609;1193;Crescente;Tombamento;0;0;0;0;0;0;0;0;0;0;0;0;0;0;0
22/11/2021;11:47:10;130;Sem vítima;66.987;1141;Crescente;Capotamento;0;0;0;0;0;0;0;0;0;0;0;0;0;0;0
22/11/2021;15:54:42;173;Sem vítima;838.131;1139;Decrescente;Colisão transversal;0;0;0;0;0;0;0;0;0;0;0;0;0;0;0
22/11/2021;16:22:32;202;Sem vítima;616.508;1273;Decrescente;Tombamento;0;0;0;0;0;0;0;0;0;0;0;0;0;0;0
22/11/2021;17:09:26;212;Sem vítima;205.100;1146;Crescente;Colisão traseira;0;0;0;0;0;0;0;0;0;0;0;0;0;0;0
22/11/2021;18:56:38;252;Sem vítima;835.691;1282;Decrescente;Colisão traseira;0;0;0;0;0;0;0;0;0;0;0;0;0;0;0
22/11/2021;20:27:05;263;Sem vítima;397.370;1240;Decrescente;Saída de pista;0;0;0;0;0;0;0;0;0;0;0;0;0;0;0
22/11/2021;21:02:23;283;Sem vítima;831.500;1132;Crescente;Colisão frontal;0;0;0;0;0;0;0;0;0;0;0;0;0;0;0
23/11/2021;03:52:42;18;Sem vítima;526.877;1261;Decrescente;Tombamento;0;0;0;0;0;0;0;0;0;0;0;0;0;0;0
23/11/2021;06:13:41;25;Sem vítima;636.225;1273;Decrescente;Colisão lateral no mesmo sentido;0;0;0;0;0;0;0;0;0;0;0;0;0;0;0
23/11/2021;08:22:36;43;Sem vítima;290.130;1234;Decrescente;Capotamento;0;0;0;0;0;0;0;0;0;0;0;0;0;0;0
23/11/2021;08:42:10;56;Sem vítima;523.352;1242;Decrescente;Colisão lateral no mesmo sentido;0;0;0;0;0;0;0;0;0;0;0;0;0;0;0
23/11/2021;10:46:18;113;Sem vítima;511.630;1242;Decrescente;Saída de pista;0;0;0;0;0;0;0;0;0;0;0;0;0;0;0
23/11/2021;11:19:54;122;Sem vítima;260.125;1155;Crescente;Capotamento;0;0;0;0;0;0;0;0;0;0;0;0;0;0;0
23/11/2021;15:14:02;212;Sem vítima;593.411;1198;Crescente;Tombamento;0;0;0;0;0;0;0;0;0;0;0;0;0;0;0
23/11/2021;16:12:33;241;Sem vítima;335.178;1235;Decrescente;Colisão traseira;0;0;0;0;0;0;0;0;0;0;0;0;0;0;0
23/11/2021;16:28:28;249;Sem vítima;313.550;1162;Crescente;Colisão lateral no mesmo sentido;0;0;0;0;0;0;0;0;0;0;0;0;0;0;0
23/11/2021;18:23:57;287;Sem vítima;487.888;1180;Crescente;Colisão traseira;0;0;0;0;0;0;0;0;0;0;0;0;0;0;0
23/11/2021;19:16:33;305;Sem vítima;435.498;1243;Decrescente;Colisão transversal;0;0;0;0;0;0;0;0;0;0;0;0;0;0;0
23/11/2021;19:22:32;293;Sem vítima;435.110;1243;Decrescente;Choque;0;0;0;0;0;0;0;0;0;0;0;0;0;0;0
23/11/2021;20:54:17;329;Sem vítima;441.649;1244;Decrescente;Saída de pista;0;0;0;0;0;0;0;0;0;0;0;0;0;0;0
24/11/2021;00:18:52;363;Sem vítima;520.338;1170;Crescente;Saída de pista;0;0;0;0;0;0;0;0;0;0;0;0;0;0;0
24/11/2021;00:26:19;365;Com vítima;519.634;1242;Decrescente;Acidentes de outra natureza;0;0;0;0;0;0;0;0;0;0;0;0;0;0;1
24/11/2021;09:11:21;114;Sem vítima;833.841;1282;Decrescente;Colisão traseira;0;0;0;0;0;0;0;0;0;0;0;0;0;0;0
24/11/2021;09:57:41;131;Sem vítima;833.589;1282;Decrescente;Colisão lateral no mesmo sentido;0;0;0;0;0;0;0;0;0;0;0;0;0;0;0
24/11/2021;13:38:08;225;Sem vítima;516.780;1242;Decrescente;Colisão traseira;0;0;0;0;0;0;0;0;0;0;0;0;0;0;0
24/11/2021;13:54:10;235;Sem vítima;851.730;1211;Crescente;Choque;0;0;0;0;0;0;0;0;0;0;0;0;0;0;0
24/11/2021;15:00:36;245;Sem vítima;355.401;1164;Crescente;Tombamento;0;0;0;0;0;0;0;0;0;0;0;0;0;0;0
24/11/2021;15:34:10;252;Sem vítima;355.401;1164;Crescente;Engavetamento;0;0;0;0;0;0;0;0;0;0;0;0;0;0;0
24/11/2021;15:56:13;259;Sem vítima;477.249;1250;Decrescente;Colisão traseira;0;0;0;0;0;0;0;0;0;0;0;0;0;0;0
24/11/2021;17:36:56;300;Sem vítima;835.406;1132;Crescente;Colisão transversal;0;0;0;0;0;0;0;0;0;0;0;0;0;0;0
24/11/2021;18:28:58;320;Sem vítima;328.100;1235;Decrescente;Colisão lateral no mesmo sentido;0;0;0;0;0;0;0;0;0;0;0;0;0;0;0
24/11/2021;19:39:21;342;Sem vítima;119.376;1216;Decrescente;Colisão lateral no mesmo sentido;0;0;0;0;0;0;0;0;0;0;0;0;0;0;0
24/11/2021;19:51:53;341;Sem vítima;838.161;1282;Decrescente;Colisão transversal;0;0;0;0;0;0;0;0;0;0;0;0;0;0;0
24/11/2021;22:45:37;377;Sem vítima;633.634;1273;Decrescente;Colisão lateral no mesmo sentido;0;0;0;0;0;0;0;0;0;0;0;0;0;0;0
25/11/2021;02:10:27;11;Sem vítima;820.946;1209;Crescente;Saída de pista;0;0;0;0;0;0;0;0;0;0;0;0;0;0;0
25/11/2021;02:18:51;13;Sem vítima;521.391;1242;Decrescente;Colisão traseira;0;0;0;0;0;0;0;0;0;0;0;0;0;0;0
25/11/2021;07:36:49;52;Sem vítima;542.706;1265;Decrescente;Saída de pista;0;0;0;0;0;0;0;0;0;0;0;0;0;0;0
25/11/2021;09:12:39;89;Sem vítima;836.653;1282;Decrescente;Colisão lateral no mesmo sentido;0;0;0;0;0;0;0;0;0;0;0;0;0;0;0
25/11/2021;11:24:05;141;Sem vítima;752.754;1279;Decrescente;Choque;0;0;0;0;0;0;0;0;0;0;0;0;0;0;0
25/11/2021;12:24:35;159;Sem vítima;750.323;1279;Decrescente;Colisão traseira;0;0;0;0;0;0;0;0;0;0;0;0;0;0;0
25/11/2021;13:44:48;185;Sem vítima;531.890;1190;Crescente;Engavetamento;0;0;0;0;0;0;0;0;0;0;0;0;0;0;0
25/11/2021;15:23:07;208;Sem vítima;766.736;1208;Crescente;Colisão traseira;0;0;0;0;0;0;0;0;0;0;0;0;0;0;0
25/11/2021;16:43:42;234;Sem vítima;533.552;1191;Crescente;Colisão traseira;0;0;0;0;0;0;0;0;0;0;0;0;0;0;0
25/11/2021;18:41:08;275;Sem vítima;832.600;1282;Decrescente;Colisão traseira;0;0;0;0;0;0;0;0;0;0;0;0;0;0;0
25/11/2021;19:41:53;303;Sem vítima;567.228;1195;Crescente;Choque;0;0;0;0;0;0;0;0;0;0;0;0;0;0;0
25/11/2021;20:38:06;325;Sem vítima;485.773;1179;Crescente;Tombamento;0;0;0;0;0;0;0;0;0;0;0;0;0;0;0
25/11/2021;22:19:28;339;Sem vítima;543.428;1193;Crescente;Capotamento;0;0;0;0;0;0;0;0;0;0;0;0;0;0;0
25/11/2021;22:20:58;346;Sem vítima;540.580;1193;Crescente;Saída de pista;0;0;0;0;0;0;0;0;0;0;0;0;0;0;0
27/11/2021;08:48:15;76;Sem vítima;705.704;1203;Crescente;Capotamento;0;0;0;0;0;0;0;0;0;0;0;0;0;0;0
27/11/2021;09:13:49;70;Sem vítima;350.498;1164;Crescente;Colisão traseira;0;0;0;0;0;0;0;0;0;0;0;0;0;0;0
27/11/2021;12:14:39;147;Sem vítima;830.260;1139;Decrescente;Colisão frontal;0;0;0;0;0;0;0;0;0;0;0;0;0;0;0
27/11/2021;15:21:58;204;Sem vítima;470.524;1246;Decrescente;Colisão lateral no mesmo sentido;0;0;0;0;0;0;0;0;0;0;0;0;0;0;0
27/11/2021;15:44:36;201;Sem vítima;269.247;1159;Crescente;Colisão transversal;0;0;0;0;0;0;0;0;0;0;0;0;0;0;0
27/11/2021;19:25:36;279;Sem vítima;249.900;1152;Crescente;Colisão traseira;0;0;0;0;0;0;0;0;0;0;0;0;0;0;0
27/11/2021;19:57:51;285;Sem vítima;360.184;1237;Decrescente;Capotamento;0;0;0;0;0;0;0;0;0;0;0;0;0;0;0
27/11/2021;21:33:14;301;Sem vítima;687.109;1202;Crescente;Colisão transversal;0;0;0;0;0;0;0;0;0;0;0;0;0;0;0
27/11/2021;22:17:28;308;Sem vítima;601.215;1199;Crescente;Queda de moto;0;0;0;0;0;0;0;0;0;0;0;0;0;0;0
27/11/2021;22:40:19;316;Com vítima;691.902;1274;Decrescente;Atropelamento de animal;0;0;0;0;0;0;0;0;0;0;0;0;0;0;0
27/11/2021;23:17:00;322;Sem vítima;839.162;1283;Decrescente;Queda de moto;0;0;0;0;0;0;0;0;0;0;0;0;0;0;0
28/11/2021;00:06:02;335;Sem vítima;831.471;1139;Decrescente;Colisão transversal;0;0;0;0;0;0;0;0;0;0;0;0;0;0;0
28/11/2021;02:36:35;17;Sem vítima;457.417;1172;Crescente;Saída de pista;0;0;0;0;0;0;0;0;0;0;0;0;0;0;0
28/11/2021;03:17:53;30;Sem vítima;466.383;1244;Decrescente;Colisão transversal;0;0;0;0;0;0;0;0;0;0;0;0;0;0;0
28/11/2021;04:49:56;38;Sem vítima;829.536;1139;Decrescente;Colisão frontal;0;0;0;0;0;0;0;0;0;0;0;0;0;0;0
28/11/2021;10:02:21;74;Com vítima;513.980;1242;Decrescente;Atropelamento de pedestre;0;0;0;0;0;0;0;0;0;0;0;0;0;1;0
28/11/2021;11:57:13;95;Sem vítima;347.100;1164;Crescente;Queda de moto;0;0;0;0;0;0;0;0;0;0;0;0;0;0;0
28/11/2021;17:02:04;168;Sem vítima;348.711;1164;Crescente;Saída de pista;0;0;0;0;0;0;0;0;0;0;0;0;0;0;0
28/11/2021;21:15:31;239;Sem vítima;839.820;1211;Crescente;Queda de moto;0;0;0;0;0;0;0;0;0;0;0;0;0;0;0
28/11/2021;21:53:24;255;Sem vítima;364.910;1166;Crescente;Saída de pista;0;0;0;0;0;0;0;0;0;0;0;0;0;0;0
28/11/2021;23:55:45;270;Sem vítima;101.120;1214;Decrescente;Colisão traseira;0;0;0;0;0;0;0;0;0;0;0;0;0;0;0
29/11/2021;04:23:20;18;Sem vítima;202.989;1146;Crescente;Colisão lateral no mesmo sentido;0;0;0;0;0;0;0;0;0;0;0;0;0;0;0
29/11/2021;08:35:31;40;Sem vítima;824.890;1282;Decrescente;Colisão lateral no mesmo sentido;0;0;0;0;0;0;0;0;0;0;0;0;0;0;0
29/11/2021;09:06:28;51;Sem vítima;434.655;1171;Crescente;Colisão transversal;0;0;0;0;0;0;0;0;0;0;0;0;0;0;0
29/11/2021;09:15:56;55;Sem vítima;835.250;1132;Crescente;Queda de moto;0;0;0;0;0;0;0;0;0;0;0;0;0;0;0
29/11/2021;10:00:38;73;Sem vítima;274.699;1160;Crescente;Colisão lateral no mesmo sentido;0;0;0;0;0;0;0;0;0;0;0;0;0;0;0
29/11/2021;10:07:52;76;Sem vítima;597.301;1128;Crescente;Colisão lateral no mesmo sentido;0;0;0;0;0;0;0;0;0;0;0;0;0;0;0
29/11/2021;10:36:07;89;Sem vítima;807.530;1280;Decrescente;Tombamento;0;0;0;0;0;0;0;0;0;0;0;0;0;0;0
29/11/2021;10:57:28;99;Sem vítima;387.280;1238;Decrescente;Colisão lateral no mesmo sentido;0;0;0;0;0;0;0;0;0;0;0;0;0;0;0
29/11/2021;14:05:59;150;Sem vítima;575.170;1267;Decrescente;Choque;0;0;0;0;0;0;0;0;0;0;0;0;0;0;0
29/11/2021;14:10:11;157;Sem vítima;829.220;1210;Crescente;Colisão traseira;0;0;0;0;0;0;0;0;0;0;0;0;0;0;0
29/11/2021;14:20:28;163;Sem vítima;575.170;1267;Decrescente;Colisão transversal;0;0;0;0;0;0;0;0;0;0;0;0;0;0;0
29/11/2021;15:19:25;156;Sem vítima;577.620;1196;Crescente;Saída de pista;0;0;0;0;0;0;0;0;0;0;0;0;0;0;0
29/11/2021;15:29:32;183;Sem vítima;234.720;1220;Decrescente;Capotamento;0;0;0;0;0;0;0;0;0;0;0;0;0;0;0
29/11/2021;15:40:45;182;Sem vítima;831.450;1139;Decrescente;Colisão lateral no mesmo sentido;0;0;0;0;0;0;0;0;0;0;0;0;0;0;0
29/11/2021;17:15:28;201;Sem vítima;349.738;1164;Crescente;Colisão traseira;0;0;0;0;0;0;0;0;0;0;0;0;0;0;0
29/11/2021;17:23:41;216;Sem vítima;573.294;1195;Crescente;Engavetamento;0;0;0;0;0;0;0;0;0;0;0;0;0;0;0
29/11/2021;17:51:46;220;Sem vítima;524.150;1189;Crescente;Colisão traseira;0;0;0;0;0;0;0;0;0;0;0;0;0;0;0
29/11/2021;18:16:08;222;Sem vítima;259.200;1155;Crescente;Colisão transversal;0;0;0;0;0;0;0;0;0;0;0;0;0;0;0
29/11/2021;18:50:42;223;Sem vítima;468.734;1174;Crescente;Tombamento;0;0;0;0;0;0;0;0;0;0;0;0;0;0;0
29/11/2021;19:53:27;249;Sem vítima;517.100;1170;Crescente;Colisão frontal;0;0;0;0;0;0;0;0;0;0;0;0;0;0;0
29/11/2021;22:31:16;281;Sem vítima;686.503;1274;Decrescente;Colisão transversal;0;0;0;0;0;0;0;0;0;0;0;0;0;0;0
30/11/2021;00:04:22;294;Sem vítima;758.248;1207;Crescente;Capotamento;0;0;0;0;0;0;0;0;0;0;0;0;0;0;0
30/11/2021;08:05:52;40;Sem vítima;113.577;1143;Crescente;Queda de moto;0;0;0;0;0;0;0;0;0;0;0;0;0;0;0
30/11/2021;09:05:50;62;Sem vítima;380.407;1166;Crescente;Saída de pista;0;0;0;0;0;0;0;0;0;0;0;0;0;0;0
30/11/2021;15:46:15;166;Sem vítima;445.878;1172;Crescente;Capotamento;0;0;0;0;0;0;0;0;0;0;0;0;0;0;0
30/11/2021;15:52:27;180;Sem vítima;560.800;1266;Decrescente;Saída de pista;0;0;0;0;0;0;0;0;0;0;0;0;0;0;0
30/11/2021;16:49:17;193;Sem vítima;566.400;1267;Decrescente;Tombamento;0;0;0;0;0;0;0;0;0;0;0;0;0;0;0
30/11/2021;17:11:22;200;Sem vítima;347.795;1164;Crescente;Colisão lateral no mesmo sentido;0;0;0;0;0;0;0;0;0;0;0;0;0;0;0
30/11/2021;19:28:40;230;Sem vítima;771.584;1280;Decrescente;Saída de pista;0;0;0;0;0;0;0;0;0;0;0;0;0;0;0
30/11/2021;19:36:26;232;Sem vítima;825.858;1132;Crescente;Colisão lateral no mesmo sentido;0;0;0;0;0;0;0;0;0;0;0;0;0;0;0
30/11/2021;21:52:02;255;Sem vítima;574.987;1195;Crescente;Tombamento;0;0;0;0;0;0;0;0;0;0;0;0;0;0;0
30/11/2021;22:22:01;266;Sem vítima;527.100;1261;Decrescente;Saída de pista;0;0;0;0;0;0;0;0;0;0;0;0;0;0;0
30/11/2021;22:22:04;267;Sem vítima;542.708;1265;Decrescente;Capotamento;0;0;0;0;0;0;0;0;0;0;0;0;0;0;0
30/11/2021;23:18:58;278;Sem vítima;778.883;1208;Crescente;Choque;0;0;0;0;0;0;0;0;0;0;0;0;0;0;0
01/12/2021;02:54:21;19;Sem vítima;346.979;1236;Decrescente;Saída de pista;0;0;0;0;0;0;0;0;0;0;0;0;0;0;0
01/12/2021;06:44:32;47;Sem vítima;838.296;1282;Decrescente;Choque;0;0;0;0;0;0;0;0;0;0;0;0;0;0;0
01/12/2021;08:11:51;75;Sem vítima;837.360;1210;Crescente;Colisão transversal;0;0;0;0;0;0;0;0;0;0;0;0;0;0;0
01/12/2021;09:26:24;100;Sem vítima;724.710;1277;Decrescente;Engavetamento;0;0;0;0;0;0;0;0;0;0;0;0;0;0;0
01/12/2021;10:57:09;143;Sem vítima;389.169;1239;Decrescente;Colisão traseira;0;0;0;0;0;0;0;0;0;0;0;0;0;0;0
01/12/2021;11:04:46;137;Sem vítima;831.338;1210;Crescente;Colisão transversal;0;0;0;0;0;0;0;0;0;0;0;0;0;0;0
01/12/2021;13:50:58;186;Sem vítima;627.175;1273;Decrescente;Tombamento;0;0;0;0;0;0;0;0;0;0;0;0;0;0;0
01/12/2021;14:25:46;190;Sem vítima;204.000;1218;Decrescente;Colisão traseira;0;0;0;0;0;0;0;0;0;0;0;0;0;0;0
01/12/2021;15:10:43;114;Sem vítima;487.739;1180;Crescente;Engavetamento;0;0;0;0;0;0;0;0;0;0;0;0;0;0;0
01/12/2021;23:53:52;326;Sem vítima;730.585;1277;Decrescente;Tombamento;0;0;0;0;0;0;0;0;0;0;0;0;0;0;0
02/12/2021;07:50:59;65;Sem vítima;119.679;1145;Crescente;Colisão lateral no mesmo sentido;0;0;0;0;0;0;0;0;0;0;0;0;0;0;0
02/12/2021;11:23:47;160;Sem vítima;202.987;1218;Decrescente;Colisão traseira;0;0;0;0;0;0;0;0;0;0;0;0;0;0;0
02/12/2021;11:52:58;176;Sem vítima;576.803;1195;Crescente;Choque;0;0;0;0;0;0;0;0;0;0;0;0;0;0;0