data;horario;n_da_ocorrencia;tipo_de_ocorrencia;km;trecho;sentido;tipo_de_acidente;automovel;bicicleta;caminhao;moto;onibus;outros;tracao_animal;transporte_de_cargas_especiais;trator_maquinas;utilitarios;ilesos;levemente_feridos;moderadamente_feridos;gravemente_feridos;mortos
02/12/2021;13:35:42;221;Sem vítima;586.900;1197;Crescente;Colisão traseira;0;0;0;0;0;0;0;0;0;0;0;0;0;0;0
02/12/2021;14:12:09;224;Sem vítima;496.425;1242;Decrescente;Colisão transversal;0;0;0;0;0;0;0;0;0;0;0;0;0;0;0
02/12/2021;14:35:03;229;Sem vítima;29.869;1140;Crescente;Saída de pista;0;0;0;0;0;0;0;0;0;0;0;0;0;0;0
02/12/2021;15:05:24;249;Sem vítima;487.681;1180;Crescente;Tombamento;0;0;0;0;0;0;0;0;0;0;0;0;0;0;0
02/12/2021;15:23:14;246;Sem vítima;623.348;1201;Crescente;Colisão traseira;0;0;0;0;0;0;0;0;0;0;0;0;0;0;0
02/12/2021;16:01:11;257;Sem vítima;265.101;1157;Crescente;Saída de pista;0;0;0;0;0;0;0;0;0;0;0;0;0;0;0
02/12/2021;16:04:41;263;Sem vítima;552.857;1193;Crescente;Saída de pista;0;0;0;0;0;0;0;0;0;0;0;0;0;0;0
02/12/2021;16:16:57;245;Sem vítima;777.176;1208;Crescente;Tombamento;0;0;0;0;0;0;0;0;0;0;0;0;0;0;0
02/12/2021;16:23:42;250;Sem vítima;4.199;1212;Decrescente;Choque;0;0;0;0;0;0;0;0;0;0;0;0;0;0;0
02/12/2021;18:11:04;291;Sem vítima;509.614;1242;Decrescente;Colisão traseira;0;0;0;0;0;0;0;0;0;0;0;0;0;0;0
02/12/2021;18:48:58;305;Sem vítima;833.696;1282;Decrescente;Colisão lateral no mesmo sentido;0;0;0;0;0;0;0;0;0;0;0;0;0;0;0
02/12/2021;20:34:08;338;Sem vítima;649.369;1273;Decrescente;Colisão lateral no mesmo sentido;0;0;0;0;0;0;0;0;0;0;0;0;0;0;0
02/12/2021;21:21:45;347;Sem vítima;72.623;1213;Decrescente;Colisão traseira;0;0;0;0;0;0;0;0;0;0;0;0;0;0;0
03/12/2021;00:56:14;381;Sem vítima;802.965;1280;Decrescente;Saída de pista;0;0;0;0;0;0;0;0;0;0;0;0;0;0;0
03/12/2021;01:31:49;382;Sem vítima;664.887;1273;Decrescente;Capotamento;0;0;0;0;0;0;0;0;0;0;0;0;0;0;0
03/12/2021;02:37:32;15;Sem vítima;824.165;1139;Decrescente;Choque;0;0;0;0;0;0;0;0;0;0;0;0;0;0;0
03/12/2021;05:56:26;45;Sem vítima;650.235;1273;Decrescente;Capotamento;0;0;0;0;0;0;0;0;0;0;0;0;0;0;0
03/12/2021;08:46:42;69;Sem vítima;202.900;1146;Crescente;Colisão traseira;0;0;0;0;0;0;0;0;0;0;0;0;0;0;0
03/12/2021;09:11:33;65;Sem vítima;579.168;1196;Crescente;Colisão traseira;0;0;0;0;0;0;0;0;0;0;0;0;0;0;0
03/12/2021;10:19:18;95;Sem vítima;458.866;1244;Decrescente;Tombamento;0;0;0;0;0;0;0;0;0;0;0;0;0;0;0
03/12/2021;12:45:31;150;Sem vítima;831.183;1139;Decrescente;Colisão lateral no mesmo sentido;0;0;0;0;0;0;0;0;0;0;0;0;0;0;0
03/12/2021;12:50:58;151;Sem vítima;350.303;1164;Crescente;Capotamento;0;0;0;0;0;0;0;0;0;0;0;0;0;0;0
03/12/2021;12:52:20;119;Sem vítima;464.242;1244;Decrescente;Tombamento;0;0;0;0;0;0;0;0;0;0;0;0;0;0;0
03/12/2021;14:21:23;173;Sem vítima;289.872;1234;Decrescente;Capotamento;0;0;0;0;0;0;0;0;0;0;0;0;0;0;0
03/12/2021;15:18:20;180;Sem vítima;275.000;1232;Decrescente;Colisão transversal;0;0;0;0;0;0;0;0;0;0;0;0;0;0;0
03/12/2021;15:45:22;178;Sem vítima;358.733;1236;Decrescente;Saída de pista;0;0;0;0;0;0;0;0;0;0;0;0;0;0;0
03/12/2021;16:07:13;193;Sem vítima;596.200;1136;Decrescente;Atropelamento de pedestre;0;0;0;0;0;0;0;0;0;0;0;0;0;0;0
03/12/2021;18:46:46;230;Sem vítima;252.000;1152;Crescente;Capotamento;0;0;0;0;0;0;0;0;0;0;0;0;0;0;0
03/12/2021;18:52:53;232;Sem vítima;398.719;1240;Decrescente;Queda de moto;0;0;0;0;0;0;0;0;0;0;0;0;0;0;0
03/12/2021;19:38:16;255;Sem vítima;852.874;1283;Decrescente;Tombamento;0;0;0;0;0;0;0;0;0;0;0;0;0;0;0
03/12/2021;21:32:17;287;Sem vítima;506.919;1170;Crescente;Choque;0;0;0;0;0;0;0;0;0;0;0;0;0;0;0
04/12/2021;00:40:58;316;Sem vítima;466.333;1172;Crescente;Atropelamento de animal;0;0;0;0;0;0;0;0;0;0;0;0;0;0;0
04/12/2021;06:09:04;38;Com vítima;511.249;1242;Decrescente;Atropelamento de animal;0;0;0;0;0;0;0;0;0;0;0;0;0;0;0
04/12/2021;09:26:00;77;Sem vítima;348.482;1164;Crescente;Colisão traseira;0;0;0;0;0;0;0;0;0;0;0;0;0;0;0
04/12/2021;09:28:12;67;Sem vítima;688.676;1137;Decrescente;Colisão lateral no mesmo sentido;0;0;0;0;0;0;0;0;0;0;0;0;0;0;0
04/12/2021;12:05:04;125;Sem vítima;656.305;1201;Crescente;Capotamento;0;0;0;0;0;0;0;0;0;0;0;0;0;0;0
04/12/2021;17:13:34;206;Sem vítima;8.284;1212;Decrescente;Saída de pista;0;0;0;0;0;0;0;0;0;0;0;0;0;0;0
04/12/2021;18:32:14;226;Sem vítima;521.507;1242;Decrescente;Saída de pista;0;0;0;0;0;0;0;0;0;0;0;0;0;0;0
04/12/2021;19:28:40;241;Sem vítima;275.660;1232;Decrescente;Saída de pista;0;0;0;0;0;0;0;0;0;0;0;0;0;0;0
04/12/2021;22:25:03;282;Com vítima;441.620;1244;Decrescente;Atropelamento de animal;0;0;0;0;0;0;0;0;0;0;0;0;0;0;0
04/12/2021;23:21:48;293;Sem vítima;633.901;1201;Crescente;Saída de pista;0;0;0;0;0;0;0;0;0;0;0;0;0;0;0
05/12/2021;00:53:33;303;Sem vítima;828.917;1132;Crescente;Colisão traseira;0;0;0;0;0;0;0;0;0;0;0;0;0;0;0
05/12/2021;04:42:08;23;Com vítima;511.331;1170;Crescente;Atropelamento de animal;0;0;0;0;0;0;0;0;0;0;0;0;0;0;0
05/12/2021;05:01:50;27;Sem vítima;270.762;1160;Crescente;Colisão frontal;0;0;0;0;0;0;0;0;0;0;0;0;0;0;0
05/12/2021;06:05:50;30;Sem vítima;806.556;1208;Crescente;Saída de pista;0;0;0;0;0;0;0;0;0;0;0;0;0;0;0
05/12/2021;11:20:43;109;Sem vítima;338.633;1235;Decrescente;Choque;0;0;0;0;0;0;0;0;0;0;0;0;0;0;0
05/12/2021;11:38:31;118;Sem vítima;714.347;1276;Decrescente;Colisão transversal;0;0;0;0;0;0;0;0;0;0;0;0;0;0;0
05/12/2021;13:47:05;158;Sem vítima;249.440;1152;Crescente;Saída de pista;0;0;0;0;0;0;0;0;0;0;0;0;0;0;0
05/12/2021;14:06:44;159;Sem vítima;806.850;1208;Crescente;Saída de pista;0;0;0;0;0;0;0;0;0;0;0;0;0;0;0
05/12/2021;14:25:57;167;Sem vítima;796.788;1280;Decrescente;Saída de pista;0;0;0;0;0;0;0;0;0;0;0;0;0;0;0
05/12/2021;14:30:55;163;Sem vítima;794.196;1208;Crescente;Capotamento;0;0;0;0;0;0;0;0;0;0;0;0;0;0;0
05/12/2021;14:50:20;166;Sem vítima;344.730;1164;Crescente;Choque;0;0;0;0;0;0;0;0;0;0;0;0;0;0;0
05/12/2021;15:04:50;177;Sem vítima;770.405;1280;Decrescente;Saída de pista;0;0;0;0;0;0;0;0;0;0;0;0;0;0;0
05/12/2021;15:12:54;172;Sem vítima;550.837;1265;Decrescente;Tombamento;0;0;0;0;0;0;0;0;0;0;0;0;0;0;0
05/12/2021;15:15:37;160;Sem vítima;119.452;1144;Crescente;Colisão lateral no mesmo sentido;0;0;0;0;0;0;0;0;0;0;0;0;0;0;0
05/12/2021;15:16:48;180;Sem vítima;119.460;1144;Crescente;Colisão lateral no mesmo sentido;0;0;0;0;0;0;0;0;0;0;0;0;0;0;0
05/12/2021;16:37:17;186;Sem vítima;469.289;1174;Crescente;Tombamento;0;0;0;0;0;0;0;0;0;0;0;0;0;0;0
05/12/2021;20:12:19;268;Sem vítima;502.183;1242;Decrescente;Saída de pista;0;0;0;0;0;0;0;0;0;0;0;0;0;0;0
05/12/2021;21:01:27;280;Sem vítima;828.877;1282;Decrescente;Colisão transversal;0;0;0;0;0;0;0;0;0;0;0;0;0;0;0
05/12/2021;22:44:28;299;Sem vítima;397.370;1168;Crescente;Choque;0;0;0;0;0;0;0;0;0;0;0;0;0;0;0
05/12/2021;22:48:08;295;Sem vítima;361.388;1237;Decrescente;Tombamento;0;0;0;0;0;0;0;0;0;0;0;0;0;0;0
06/12/2021;00:05:24;309;Sem vítima;217.890;1220;Decrescente;Colisão traseira;0;0;0;0;0;0;0;0;0;0;0;0;0;0;0
06/12/2021;08:42:59;85;Sem vítima;831.590;1282;Decrescente;Colisão traseira;0;0;0;0;0;0;0;0;0;0;0;0;0;0;0
06/12/2021;09:05:03;95;Sem vítima;607.755;1201;Crescente;Colisão lateral no mesmo sentido;0;0;0;0;0;0;0;0;0;0;0;0;0;0;0
06/12/2021;14:41:21;175;Sem vítima;725.212;1205;Crescente;Colisão frontal;0;0;0;0;0;0;0;0;0;0;0;0;0;0;0
06/12/2021;15:53:17;182;Sem vítima;725.212;1205;Crescente;Saída de pista;0;0;0;0;0;0;0;0;0;0;0;0;0;0;0
06/12/2021;17:11:24;230;Sem vítima;714.240;1204;Crescente;Colisão traseira;0;0;0;0;0;0;0;0;0;0;0;0;0;0;0
06/12/2021;18:20:12;250;Sem vítima;522.240;1170;Crescente;Colisão transversal;0;0;0;0;0;0;0;0;0;0;0;0;0;0;0
06/12/2021;19:28:08;267;Sem vítima;829.101;1139;Decrescente;Colisão lateral no mesmo sentido;0;0;0;0;0;0;0;0;0;0;0;0;0;0;0
06/12/2021;21:19:25;296;Sem vítima;539.356;1192;Crescente;Colisão lateral no mesmo sentido;0;0;0;0;0;0;0;0;0;0;0;0;0;0;0
06/12/2021;22:34:09;304;Sem vítima;554.807;1193;Crescente;Saída de pista;0;0;0;0;0;0;0;0;0;0;0;0;0;0;0
07/12/2021;00:05:19;317;Sem vítima;349.564;1164;Crescente;Tombamento;0;0;0;0;0;0;0;0;0;0;0;0;0;0;0
07/12/2021;00:10:56;321;Com vítima;252.637;1225;Decrescente;Atropelamento de animal;0;0;0;0;0;0;0;0;0;0;0;0;0;0;0
07/12/2021;03:13:48;23;Com vítima;818.360;1280;Decrescente;Atropelamento de animal;0;0;0;0;0;0;0;0;0;0;0;0;0;0;0
07/12/2021;09:47:30;83;Sem vítima;792.950;1280;Decrescente;Colisão traseira;0;0;0;0;0;0;0;0;0;0;0;0;0;0;0
07/12/2021;11:06:45;125;Sem vítima;473.598;1175;Crescente;Colisão lateral no mesmo sentido;0;0;0;0;0;0;0;0;0;0;0;0;0;0;0
07/12/2021;11:37:41;151;Sem vítima;213.359;1148;Crescente;Colisão lateral no mesmo sentido;0;0;0;0;0;0;0;0;0;0;0;0;0;0;0
07/12/2021;11:41:36;137;Sem vítima;521.543;1242;Decrescente;Colisão lateral no mesmo sentido;0;0;0;0;0;0;0;0;0;0;0;0;0;0;0
07/12/2021;14:23:25;184;Sem vítima;650.889;1273;Decrescente;Colisão frontal;0;0;0;0;0;0;0;0;0;0;0;0;0;0;0
07/12/2021;17:25:17;232;Sem vítima;649.500;1273;Decrescente;Colisão traseira;0;0;0;0;0;0;0;0;0;0;0;0;0;0;0
07/12/2021;17:58:55;237;Sem vítima;508.406;1170;Crescente;Colisão traseira;0;0;0;0;0;0;0;0;0;0;0;0;0;0;0
07/12/2021;18:27:57;258;Sem vítima;119.100;1144;Crescente;Colisão traseira;0;0;0;0;0;0;0;0;0;0;0;0;0;0;0
07/12/2021;18:31:46;266;Sem vítima;833.842;1282;Decrescente;Colisão traseira;0;0;0;0;0;0;0;0;0;0;0;0;0;0;0
07/12/2021;19:58:39;284;Sem vítima;118.434;1144;Crescente;Engavetamento;0;0;0;0;0;0;0;0;0;0;0;0;0;0;0
08/12/2021;01:32:33;5;Sem vítima;554.853;1265;Decrescente;Atropelamento de ciclista;0;0;0;0;0;0;0;0;0;0;0;0;0;0;0
08/12/2021;08:34:18;64;Sem vítima;510.376;1242;Decrescente;Colisão transversal;0;0;0;0;0;0;0;0;0;0;0;0;0;0;0
08/12/2021;10:59:48;117;Sem vítima;593.774;1271;Decrescente;Tombamento;0;0;0;0;0;0;0;0;0;0;0;0;0;0;0
08/12/2021;12:15:43;124;Sem vítima;214.428;1220;Decrescente;Choque;0;0;0;0;0;0;0;0;0;0;0;0;0;0;0
08/12/2021;12:33:43;142;Sem vítima;446.418;1172;Crescente;Colisão frontal;0;0;0;0;0;0;0;0;0;0;0;0;0;0;0
08/12/2021;15:48:02;196;Sem vítima;271.598;1232;Decrescente;Colisão lateral no mesmo sentido;0;0;0;0;0;0;0;0;0;0;0;0;0;0;0
08/12/2021;15:51:17;195;Sem vítima;486.578;1179;Crescente;Saída de pista;0;0;0;0;0;0;0;0;0;0;0;0;0;0;0
08/12/2021;15:59:41;204;Sem vítima;680.824;1201;Crescente;Saída de pista;0;0;0;0;0;0;0;0;0;0;0;0;0;0;0
08/12/2021;16:30:42;200;Sem vítima;262.299;1229;Decrescente;Queda de moto;0;0;0;0;0;0;0;0;0;0;0;0;0;0;0
08/12/2021;16:49:25;208;Sem vítima;511.534;1242;Decrescente;Engavetamento;0;0;0;0;0;0;0;0;0;0;0;0;0;0;0
08/12/2021;19:23:47;249;Sem vítima;687.360;1274;Decrescente;Colisão lateral no mesmo sentido;0;0;0;0;0;0;0;0;0;0;0;0;0;0;0
08/12/2021;20:02:19;263;Sem vítima;835.349;1132;Crescente;Colisão transversal;0;0;0;0;0;0;0;0;0;0;0;0;0;0;0
08/12/2021;20:47:29;262;Sem vítima;475.504;1249;Decrescente;Tombamento;0;0;0;0;0;0;0;0;0;0;0;0;0;0;0
08/12/2021;20:54:56;270;Sem vítima;502.919;1242;Decrescente;Saída de pista;0;0;0;0;0;0;0;0;0;0;0;0;0;0;0
08/12/2021;21:35:35;284;Com vítima;743.377;1205;Crescente;Atropelamento de animal;0;0;0;0;0;0;0;0;0;0;0;0;0;0;0
08/12/2021;22:03:42;283;Sem vítima;381.220;1166;Crescente;Saída de pista;0;0;0;0;0;0;0;0;0;0;0;0;0;0;0
09/12/2021;00:33:45;318;Sem vítima;119.581;1217;Decrescente;Queda de moto;0;0;0;0;0;0;0;0;0;0;0;0;0;0;0
09/12/2021;02:31:53;23;Sem vítima;62.385;1213;Decrescente;Colisão traseira;0;0;0;0;0;0;0;0;0;0;0;0;0;0;0
09/12/2021;08:30:29;62;Sem vítima;496.419;1242;Decrescente;Colisão transversal;0;0;0;0;0;0;0;0;0;0;0;0;0;0;0
09/12/2021;09:11:42;83;Sem vítima;652.868;1201;Crescente;Engavetamento;0;0;0;0;0;0;0;0;0;0;0;0;0;0;0
09/12/2021;12:05:05;157;Sem vítima;586.883;1197;Crescente;Colisão traseira;0;0;0;0;0;0;0;0;0;0;0;0;0;0;0
09/12/2021;12:12:26;150;Sem vítima;502.500;1170;Crescente;Colisão lateral no mesmo sentido;0;0;0;0;0;0;0;0;0;0;0;0;0;0;0
09/12/2021;12:38:25;172;Sem vítima;474.000;1247;Decrescente;Colisão traseira;0;0;0;0;0;0;0;0;0;0;0;0;0;0;0
09/12/2021;13:21:33;187;Sem vítima;572.738;1195;Crescente;Capotamento;0;0;0;0;0;0;0;0;0;0;0;0;0;0;0
09/12/2021;15:44:43;224;Sem vítima;797.786;1280;Decrescente;Tombamento;0;0;0;0;0;0;0;0;0;0;0;0;0;0;0
09/12/2021;16:05:18;258;Sem vítima;602.740;1200;Crescente;Colisão traseira;0;0;0;0;0;0;0;0;0;0;0;0;0;0;0
09/12/2021;17:19:34;286;Sem vítima;831.768;1139;Decrescente;Colisão transversal;0;0;0;0;0;0;0;0;0;0;0;0;0;0;0
09/12/2021;17:33:20;281;Sem vítima;512.627;1170;Crescente;Colisão traseira;0;0;0;0;0;0;0;0;0;0;0;0;0;0;0
09/12/2021;18:17:18;302;Sem vítima;336.512;1235;Decrescente;Tombamento;0;0;0;0;0;0;0;0;0;0;0;0;0;0;0
09/12/2021;19:40:28;339;Sem vítima;270.100;1160;Crescente;Colisão transversal;0;0;0;0;0;0;0;0;0;0;0;0;0;0;0
10/12/2021;02:10:31;402;Sem vítima;4.315;1140;Crescente;Choque;0;0;0;0;0;0;0;0;0;0;0;0;0;0;0
10/12/2021;05:09:37;33;Sem vítima;252.531;1225;Decrescente;Queda de moto;0;0;0;0;0;0;0;0;0;0;0;0;0;0;0
10/12/2021;06:55:55;44;Sem vítima;209.451;1218;Decrescente;Tombamento;0;0;0;0;0;0;0;0;0;0;0;0;0;0;0
10/12/2021;09:55:16;92;Sem vítima;543.756;1193;Crescente;Colisão lateral no mesmo sentido;0;0;0;0;0;0;0;0;0;0;0;0;0;0;0
10/12/2021;09:59:05;96;Sem vítima;277.706;1233;Decrescente;Engavetamento;0;0;0;0;0;0;0;0;0;0;0;0;0;0;0
10/12/2021;10:08:13;99;Sem vítima;276.800;1233;Decrescente;Colisão traseira;0;0;0;0;0;0;0;0;0;0;0;0;0;0;0
10/12/2021;10:10:47;105;Sem vítima;843.565;1211;Crescente;Colisão lateral no mesmo sentido;0;0;0;0;0;0;0;0;0;0;0;0;0;0;0
10/12/2021;10:40:28;116;Sem vítima;729.185;1205;Crescente;Engavetamento;0;0;0;0;0;0;0;0;0;0;0;0;0;0;0
10/12/2021;11:59:03;147;Sem vítima;519.968;1242;Decrescente;Colisão traseira;0;0;0;0;0;0;0;0;0;0;0;0;0;0;0
10/12/2021;12:55:58;161;Sem vítima;734.132;1277;Decrescente;Colisão traseira;0;0;0;0;0;0;0;0;0;0;0;0;0;0;0
10/12/2021;13:46:14;169;Sem vítima;735.194;1277;Decrescente;Colisão lateral no mesmo sentido;0;0;0;0;0;0;0;0;0;0;0;0;0;0;0
10/12/2021;14:24:27;192;Sem vítima;435.338;1171;Crescente;Colisão lateral no mesmo sentido;0;0;0;0;0;0;0;0;0;0;0;0;0;0;0
10/12/2021;20:38:20;321;Sem vítima;816.584;1280;Decrescente;Colisão transversal;0;0;0;0;0;0;0;0;0;0;0;0;0;0;0
10/12/2021;21:10:31;325;Sem vítima;484.377;1250;Decrescente;Colisão traseira;0;0;0;0;0;0;0;0;0;0;0;0;0;0;0
10/12/2021;21:16:50;338;Sem vítima;659.297;1201;Crescente;Colisão transversal;0;0;0;0;0;0;0;0;0;0;0;0;0;0;0
10/12/2021;23:42:52;356;Sem vítima;88.720;1141;Crescente;Colisão traseira;0;0;0;0;0;0;0;0;0;0;0;0;0;0;0
11/12/2021;02:20:18;20;Sem vítima;735.805;1205;Crescente;Tombamento;0;0;0;0;0;0;0;0;0;0;0;0;0;0;0
11/12/2021;05:18:53;35;Sem vítima;605.323;1273;Decrescente;Capotamento;0;0;0;0;0;0;0;0;0;0;0;0;0;0;0
11/12/2021;10:50:10;123;Sem vítima;514.480;1170;Crescente;Saída de pista;0;0;0;0;0;0;0;0;0;0;0;0;0;0;0
11/12/2021;11:38:22;144;Sem vítima;732.100;1205;Crescente;Colisão traseira;0;0;0;0;0;0;0;0;0;0;0;0;0;0;0
11/12/2021;12:14:14;139;Sem vítima;503.600;1242;Decrescente;Tombamento;0;0;0;0;0;0;0;0;0;0;0;0;0;0;0
11/12/2021;13:14:38;168;Sem vítima;17.382;1212;Decrescente;Saída de pista;0;0;0;0;0;0;0;0;0;0;0;0;0;0;0
11/12/2021;14:19:54;188;Sem vítima;566.100;1195;Crescente;Capotamento;0;0;0;0;0;0;0;0;0;0;0;0;0;0;0
11/12/2021;14:41:26;196;Sem vítima;348.125;1164;Crescente;Tombamento;0;0;0;0;0;0;0;0;0;0;0;0;0;0;0
11/12/2021;19:16:09;273;Sem vítima;567.174;1267;Decrescente;Colisão traseira;0;0;0;0;0;0;0;0;0;0;0;0;0;0;0
11/12/2021;19:23:23;271;Sem vítima;486.318;1251;Decrescente;Colisão traseira;0;0;0;0;0;0;0;0;0;0;0;0;0;0;0
11/12/2021;20:04:05;286;Sem vítima;202.292;1146;Crescente;Choque;0;0;0;0;0;0;0;0;0;0;0;0;0;0;0
11/12/2021;21:11:28;279;Sem vítima;312.248;1234;Decrescente;Colisão traseira;0;0;0;0;0;0;0;0;0;0;0;0;0;0;0
11/12/2021;21:39:29;303;Sem vítima;854.999;1283;Decrescente;Saída de pista;0;0;0;0;0;0;0;0;0;0;0;0;0;0;0
11/12/2021;22:08:40;314;Sem vítima;520.567;1170;Crescente;Atropelamento de animal;0;0;0;0;0;0;0;0;0;0;0;0;0;0;0
12/12/2021;01:56:29;4;Sem vítima;391.155;1167;Crescente;Tombamento;0;0;0;0;0;0;0;0;0;0;0;0;0;0;0
12/12/2021;07:38:46;58;Sem vítima;209.279;1218;Decrescente;Tombamento;0;0;0;0;0;0;0;0;0;0;0;0;0;0;0
12/12/2021;08:00:35;60;Sem vítima;831.531;1282;Decrescente;Colisão lateral no mesmo sentido;0;0;0;0;0;0;0;0;0;0;0;0;0;0;0
12/12/2021;10:18:42;101;Sem vítima;202.777;1218;Decrescente;Colisão traseira;0;0;0;0;0;0;0;0;0;0;0;0;0;0;0
12/12/2021;12:08:40;132;Sem vítima;573.840;1267;Decrescente;Colisão lateral no mesmo sentido;0;0;0;0;0;0;0;0;0;0;0;0;0;0;0
12/12/2021;13:02:33;146;Sem vítima;385.357;1166;Crescente;Engavetamento;0;0;0;0;0;0;0;0;0;0;0;0;0;0;0
12/12/2021;13:26:06;144;Sem vítima;362.470;1238;Decrescente;Capotamento;0;0;0;0;0;0;0;0;0;0;0;0;0;0;0
12/12/2021;13:56:58;141;Sem vítima;365.699;1238;Decrescente;Saída de pista;0;0;0;0;0;0;0;0;0;0;0;0;0;0;0
12/12/2021;14:07:09;158;Sem vítima;239.887;1150;Crescente;Capotamento;0;0;0;0;0;0;0;0;0;0;0;0;0;0;0
12/12/2021;14:23:50;160;Sem vítima;33.815;1212;Decrescente;Choque;0;0;0;0;0;0;0;0;0;0;0;0;0;0;0
12/12/2021;14:50:17;166;Sem vítima;355.346;1164;Crescente;Saída de pista;0;0;0;0;0;0;0;0;0;0;0;0;0;0;0
12/12/2021;14:50:18;168;Sem vítima;346.981;1164;Crescente;Choque;0;0;0;0;0;0;0;0;0;0;0;0;0;0;0
12/12/2021;14:59:52;169;Sem vítima;641.530;1201;Crescente;Saída de pista;0;0;0;0;0;0;0;0;0;0;0;0;0;0;0
12/12/2021;15:33:37;179;Sem vítima;391.155;1239;Decrescente;Tombamento;0;0;0;0;0;0;0;0;0;0;0;0;0;0;0
12/12/2021;16:23:06;172;Sem vítima;586.911;1269;Decrescente;Choque;0;0;0;0;0;0;0;0;0;0;0;0;0;0;0
12/12/2021;16:49:29;193;Sem vítima;634.279;1273;Decrescente;Saída de pista;0;0;0;0;0;0;0;0;0;0;0;0;0;0;0
12/12/2021;18:02:19;203;Sem vítima;606.200;1201;Crescente;Colisão frontal;0;0;0;0;0;0;0;0;0;0;0;0;0;0;0
12/12/2021;18:17:45;208;Sem vítima;348.573;1164;Crescente;Saída de pista;0;0;0;0;0;0;0;0;0;0;0;0;0;0;0
12/12/2021;18:53:07;228;Sem vítima;536.112;1191;Crescente;Saída de pista;0;0;0;0;0;0;0;0;0;0;0;0;0;0;0
12/12/2021;20:27:29;257;Sem vítima;562.742;1266;Decrescente;Saída de pista;0;0;0;0;0;0;0;0;0;0;0;0;0;0;0
12/12/2021;20:37:59;249;Sem vítima;498.198;1170;Crescente;Saída de pista;0;0;0;0;0;0;0;0;0;0;0;0;0;0;0
12/12/2021;20:40:42;261;Sem vítima;460.887;1244;Decrescente;Saída de pista;0;0;0;0;0;0;0;0;0;0;0;0;0;0;0
12/12/2021;21:41:10;266;Sem vítima;548.192;1265;Decrescente;Saída de pista;0;0;0;0;0;0;0;0;0;0;0;0;0;0;0
12/12/2021;23:45:23;281;Sem vítima;540.612;1265;Decrescente;Saída de pista;0;0;0;0;0;0;0;0;0;0;0;0;0;0;0
13/12/2021;00:10:07;283;Sem vítima;341.841;1163;Crescente;Atropelamento de animal;0;0;0;0;0;0;0;0;0;0;0;0;0;0;0
13/12/2021;03:09:51;19;Com vítima;777.349;1208;Crescente;Atropelamento de animal;0;0;0;0;0;0;0;0;0;0;0;0;0;0;0
13/12/2021;05:27:57;41;Sem vítima;391.190;1167;Crescente;Saída de pista;0;0;0;0;0;0;0;0;0;0;0;0;0;0;0
13/12/2021;07:25:19;54;Sem vítima;567.206;1195;Crescente;Tombamento;0;0;0;0;0;0;0;0;0;0;0;0;0;0;0
13/12/2021;08:27:18;77;Sem vítima;282.882;1162;Crescente;Saída de pista;0;0;0;0;0;0;0;0;0;0;0;0;0;0;0
13/12/2021;09:19:06;84;Sem vítima;31.130;1212;Decrescente;Saída de pista;0;0;0;0;0;0;0;0;0;0;0;0;0;0;0
13/12/2021;10:23:16;99;Sem vítima;567.250;1195;Crescente;Choque;0;0;0;0;0;0;0;0;0;0;0;0;0;0;0
13/12/2021;10:27:06;94;Sem vítima;602.187;1272;Decrescente;Saída de pista;0;0;0;0;0;0;0;0;0;0;0;0;0;0;0
13/12/2021;11:10:47;110;Sem vítima;375.000;1238;Decrescente;Saída de pista;0;0;0;0;0;0;0;0;0;0;0;0;0;0;0
13/12/2021;11:25:33;111;Sem vítima;519.928;1242;Decrescente;Saída de pista;0;0;0;0;0;0;0;0;0;0;0;0;0;0;0
13/12/2021;12:01:22;128;Sem vítima;839.200;1283;Decrescente;Colisão transversal;0;0;0;0;0;0;0;0;0;0;0;0;0;0;0
13/12/2021;14:53:21;172;Sem vítima;278.454;1162;Crescente;Capotamento;0;0;0;0;0;0;0;0;0;0;0;0;0;0;0