data;horario;n_da_ocorrencia;tipo_de_ocorrencia;km;trecho;sentido;tipo_de_acidente;automovel;bicicleta;caminhao;moto;onibus;outros;tracao_animal;transporte_de_cargas_especiais;trator_maquinas;utilitarios;ilesos;levemente_feridos;moderadamente_feridos;gravemente_feridos;mortos
13/12/2021;15:39:13;177;Sem vítima;312.562;1234;Decrescente;Saída de pista;0;0;0;0;0;0;0;0;0;0;0;0;0;0;0
13/12/2021;16:17:29;190;Sem vítima;213.430;1220;Decrescente;Colisão lateral no mesmo sentido;0;0;0;0;0;0;0;0;0;0;0;0;0;0;0
13/12/2021;20:14:55;253;Sem vítima;804.606;1280;Decrescente;Colisão lateral no mesmo sentido;0;0;0;0;0;0;0;0;0;0;0;0;0;0;0
13/12/2021;22:21:27;267;Sem vítima;712.325;1275;Decrescente;Capotamento;0;0;0;0;0;0;0;0;0;0;0;0;0;0;0
13/12/2021;22:35:05;283;Sem vítima;209.267;1146;Crescente;Capotamento;0;0;0;0;0;0;0;0;0;0;0;0;0;0;0
14/12/2021;00:15:04;298;Com vítima;676.551;1201;Crescente;Atropelamento de animal;0;0;0;0;0;0;0;0;0;0;0;0;0;0;0
14/12/2021;03:18:52;28;Sem vítima;566.876;1267;Decrescente;Tombamento;0;0;0;0;0;0;0;0;0;0;0;0;0;0;0
14/12/2021;07:52:22;54;Sem vítima;323.341;1234;Decrescente;Saída de pista;0;0;0;0;0;0;0;0;0;0;0;0;0;0;0
14/12/2021;08:36:51;70;Sem vítima;464.494;1172;Crescente;Tombamento;0;0;0;0;0;0;0;0;0;0;0;0;0;0;0
14/12/2021;09:36:41;106;Sem vítima;479.100;1178;Crescente;Colisão traseira;0;0;0;0;0;0;0;0;0;0;0;0;0;0;0
14/12/2021;09:40:22;100;Sem vítima;834.440;1282;Decrescente;Colisão traseira;0;0;0;0;0;0;0;0;0;0;0;0;0;0;0
14/12/2021;10:14:24;107;Sem vítima;831.539;1282;Decrescente;Tombamento;0;0;0;0;0;0;0;0;0;0;0;0;0;0;0
14/12/2021;10:40:25;108;Sem vítima;834.205;1282;Decrescente;Engavetamento;0;0;0;0;0;0;0;0;0;0;0;0;0;0;0
14/12/2021;12:24:49;142;Sem vítima;474.704;1249;Decrescente;Colisão lateral no mesmo sentido;0;0;0;0;0;0;0;0;0;0;0;0;0;0;0
14/12/2021;14:28:45;180;Sem vítima;349.745;1164;Crescente;Choque;0;0;0;0;0;0;0;0;0;0;0;0;0;0;0
14/12/2021;15:41:54;196;Sem vítima;833.694;1282;Decrescente;Queda de moto;0;0;0;0;0;0;0;0;0;0;0;0;0;0;0
14/12/2021;16:11:18;213;Sem vítima;834.299;1282;Decrescente;Colisão lateral no mesmo sentido;0;0;0;0;0;0;0;0;0;0;0;0;0;0;0
15/12/2021;10:06:29;107;Sem vítima;687.650;1129;Crescente;Colisão transversal;0;0;0;0;0;0;0;0;0;0;0;0;0;0;0
15/12/2021;12:02:59;157;Sem vítima;563.750;1266;Decrescente;Saída de pista;0;0;0;0;0;0;0;0;0;0;0;0;0;0;0
15/12/2021;12:54:35;168;Sem vítima;684.980;1273;Decrescente;Engavetamento;0;0;0;0;0;0;0;0;0;0;0;0;0;0;0
15/12/2021;15:56:12;209;Sem vítima;766.860;1208;Crescente;Colisão lateral no mesmo sentido;0;0;0;0;0;0;0;0;0;0;0;0;0;0;0
15/12/2021;16:47:03;220;Sem vítima;830.724;1139;Decrescente;Colisão lateral no mesmo sentido;0;0;0;0;0;0;0;0;0;0;0;0;0;0;0
15/12/2021;18:45:58;165;Sem vítima;581.100;1269;Decrescente;Tombamento;0;0;0;0;0;0;0;0;0;0;0;0;0;0;0
15/12/2021;23:58:09;328;Com vítima;829.500;1132;Crescente;Atropelamento de pedestre;0;0;0;0;0;0;0;0;0;0;0;0;1;0;0
16/12/2021;12:03:40;150;Sem vítima;572.376;1267;Decrescente;Colisão traseira;0;0;0;0;0;0;0;0;0;0;0;0;0;0;0
16/12/2021;12:17:56;156;Sem vítima;274.708;1160;Crescente;Colisão transversal;0;0;0;0;0;0;0;0;0;0;0;0;0;0;0
16/12/2021;12:33:06;158;Sem vítima;233.916;1220;Decrescente;Saída de pista;0;0;0;0;0;0;0;0;0;0;0;0;0;0;0
16/12/2021;15:24:19;209;Sem vítima;314.332;1234;Decrescente;Saída de pista;0;0;0;0;0;0;0;0;0;0;0;0;0;0;0
16/12/2021;22:09:48;308;Sem vítima;291.807;1162;Crescente;Saída de pista;0;0;0;0;0;0;0;0;0;0;0;0;0;0;0
17/12/2021;02:43:33;15;Sem vítima;349.548;1236;Decrescente;Choque;0;0;0;0;0;0;0;0;0;0;0;0;0;0;0
17/12/2021;06:42:14;50;Sem vítima;610.992;1273;Decrescente;Capotamento;0;0;0;0;0;0;0;0;0;0;0;0;0;0;0
17/12/2021;09:33:30;90;Sem vítima;495.772;1182;Crescente;Colisão lateral no mesmo sentido;0;0;0;0;0;0;0;0;0;0;0;0;0;0;0
17/12/2021;09:52:40;111;Sem vítima;654.737;1273;Decrescente;Colisão lateral no mesmo sentido;0;0;0;0;0;0;0;0;0;0;0;0;0;0;0
17/12/2021;12:17:16;153;Sem vítima;611.172;1201;Crescente;Tombamento;0;0;0;0;0;0;0;0;0;0;0;0;0;0;0
17/12/2021;15:13:32;217;Sem vítima;541.191;1265;Decrescente;Saída de pista;0;0;0;0;0;0;0;0;0;0;0;0;0;0;0
17/12/2021;19:14:52;314;Sem vítima;849.500;1283;Decrescente;Saída de pista;0;0;0;0;0;0;0;0;0;0;0;0;0;0;0
17/12/2021;19:44:08;331;Sem vítima;119.559;1145;Crescente;Colisão traseira;0;0;0;0;0;0;0;0;0;0;0;0;0;0;0
17/12/2021;20:13:24;343;Sem vítima;119.371;1144;Crescente;Colisão traseira;0;0;0;0;0;0;0;0;0;0;0;0;0;0;0
18/12/2021;01:45:17;396;Sem vítima;353.278;1164;Crescente;Saída de pista;0;0;0;0;0;0;0;0;0;0;0;0;0;0;0
18/12/2021;05:59:41;60;Sem vítima;544.882;1193;Crescente;Choque;0;0;0;0;0;0;0;0;0;0;0;0;0;0;0
18/12/2021;09:14:06;103;Sem vítima;579.100;1268;Decrescente;Colisão traseira;0;0;0;0;0;0;0;0;0;0;0;0;0;0;0
18/12/2021;10:39:34;135;Sem vítima;229.526;1220;Decrescente;Saída de pista;0;0;0;0;0;0;0;0;0;0;0;0;0;0;0
18/12/2021;10:42:52;138;Sem vítima;843.236;1211;Crescente;Saída de pista;0;0;0;0;0;0;0;0;0;0;0;0;0;0;0
18/12/2021;13:07:47;192;Sem vítima;598.410;1199;Crescente;Saída de pista;0;0;0;0;0;0;0;0;0;0;0;0;0;0;0
18/12/2021;13:34:51;205;Sem vítima;367.230;1238;Decrescente;Saída de pista;0;0;0;0;0;0;0;0;0;0;0;0;0;0;0
18/12/2021;17:31:33;280;Sem vítima;289.773;1162;Crescente;Saída de pista;0;0;0;0;0;0;0;0;0;0;0;0;0;0;0
18/12/2021;21:10:44;351;Sem vítima;838.137;1210;Crescente;Choque;0;0;0;0;0;0;0;0;0;0;0;0;0;0;0
19/12/2021;00:03:46;389;Sem vítima;226.779;1220;Decrescente;Tombamento;0;0;0;0;0;0;0;0;0;0;0;0;0;0;0
19/12/2021;06:13:21;43;Sem vítima;203.162;1146;Crescente;Saída de pista;0;0;0;0;0;0;0;0;0;0;0;0;0;0;0
19/12/2021;11:45:41;127;Sem vítima;347.900;1164;Crescente;Saída de pista;0;0;0;0;0;0;0;0;0;0;0;0;0;0;0
19/12/2021;14:25:46;182;Sem vítima;636.922;1201;Crescente;Capotamento;0;0;0;0;0;0;0;0;0;0;0;0;0;0;0
19/12/2021;15:25:12;195;Sem vítima;619.993;1273;Decrescente;Colisão traseira;0;0;0;0;0;0;0;0;0;0;0;0;0;0;0
19/12/2021;15:46:47;196;Sem vítima;273.730;1232;Decrescente;Colisão traseira;0;0;0;0;0;0;0;0;0;0;0;0;0;0;0
19/12/2021;15:51:47;185;Sem vítima;796.738;1280;Decrescente;Saída de pista;0;0;0;0;0;0;0;0;0;0;0;0;0;0;0
19/12/2021;16:07:55;184;Sem vítima;533.563;1263;Decrescente;Colisão lateral no mesmo sentido;0;0;0;0;0;0;0;0;0;0;0;0;0;0;0
19/12/2021;20:43:37;261;Sem vítima;300.238;1162;Crescente;Saída de pista;0;0;0;0;0;0;0;0;0;0;0;0;0;0;0
19/12/2021;21:13:50;271;Sem vítima;822.466;1139;Decrescente;Queda de moto;0;0;0;0;0;0;0;0;0;0;0;0;0;0;0
19/12/2021;22:36:49;274;Com vítima;652.234;1201;Crescente;Atropelamento de animal;0;0;0;0;0;0;0;0;0;0;0;0;0;0;0
19/12/2021;22:47:13;282;Sem vítima;302.198;1234;Decrescente;Saída de pista;0;0;0;0;0;0;0;0;0;0;0;0;0;0;0
20/12/2021;01:21:23;304;Sem vítima;601.650;1272;Decrescente;Saída de pista;0;0;0;0;0;0;0;0;0;0;0;0;0;0;0
20/12/2021;05:33:59;38;Sem vítima;645.185;1273;Decrescente;Atropelamento de animal;0;0;0;0;0;0;0;0;0;0;0;0;0;0;0
20/12/2021;06:32:52;37;Sem vítima;385.697;1166;Crescente;Saída de pista;0;0;0;0;0;0;0;0;0;0;0;0;0;0;0
20/12/2021;10:08:08;107;Sem vítima;102.798;1214;Decrescente;Saída de pista;0;0;0;0;0;0;0;0;0;0;0;0;0;0;0
20/12/2021;14:59:13;199;Sem vítima;101.329;1142;Crescente;Capotamento;0;0;0;0;0;0;0;0;0;0;0;0;0;0;0
20/12/2021;15:14:25;212;Sem vítima;101.329;1142;Crescente;Saída de pista;0;0;0;0;0;0;0;0;0;0;0;0;0;0;0
20/12/2021;15:38:59;218;Sem vítima;398.727;1168;Crescente;Colisão transversal;0;0;0;0;0;0;0;0;0;0;0;0;0;0;0
20/12/2021;17:56:02;244;Sem vítima;695.595;1203;Crescente;Choque;0;0;0;0;0;0;0;0;0;0;0;0;0;0;0
20/12/2021;18:22:28;261;Sem vítima;331.480;1163;Crescente;Choque;0;0;0;0;0;0;0;0;0;0;0;0;0;0;0
20/12/2021;18:44:14;263;Sem vítima;44.858;1212;Decrescente;Capotamento;0;0;0;0;0;0;0;0;0;0;0;0;0;0;0
20/12/2021;19:27:40;275;Sem vítima;829.267;1132;Crescente;Colisão traseira;0;0;0;0;0;0;0;0;0;0;0;0;0;0;0
20/12/2021;23:26:18;324;Sem vítima;583.562;1269;Decrescente;Saída de pista;0;0;0;0;0;0;0;0;0;0;0;0;0;0;0
21/12/2021;05:33:47;28;Com vítima;375.610;1238;Decrescente;Atropelamento de animal;0;0;0;0;0;0;0;0;0;0;0;0;0;0;0
21/12/2021;10:07:39;109;Sem vítima;836.330;1132;Crescente;Saída de pista;0;0;0;0;0;0;0;0;0;0;0;0;0;0;0
01/11/2021;01:57:41;5;Sem vítima;130.250;155;Decrescente;Saída de pista;1;0;0;0;0;0;0;0;0;0;1;0;0;0;0
01/11/2021;09:00:51;20;Sem vítima;119.100;155;Decrescente;Saída de pista;1;0;0;0;0;0;0;0;0;0;1;0;0;0;0
01/11/2021;17:02:45;39;Com vítima;63.100;157;Decrescente;Tombamento;1;0;1;0;0;0;0;0;0;0;0;0;1;0;0
01/11/2021;17:05:37;40;Sem vítima;24.400;153;Crescente;Saída de pista;1;0;0;0;0;0;0;0;0;0;1;0;0;0;0
01/11/2021;17:23:54;45;Sem vítima;99.500;153;Crescente;Saída de pista;0;0;0;0;0;0;0;0;0;1;1;0;0;0;0
02/11/2021;01:26:32;1;Com vítima;127.200;154;Crescente;Colisão frontal;2;0;0;0;0;0;0;0;0;0;2;0;3;0;0
03/11/2021;00:20:25;40;Sem vítima;103.500;153;Crescente;Saída de pista;1;0;0;0;0;0;0;0;0;0;1;0;0;0;0
03/11/2021;03:17:03;3;Sem vítima;48.400;157;Decrescente;Atropelamento de animal;0;0;1;0;0;0;0;0;0;0;1;0;0;0;0
03/11/2021;13:34:58;27;Com vítima;87.400;157;Decrescente;Colisão lateral no mesmo sentido;2;0;0;0;0;0;0;0;0;0;1;0;1;1;0
03/11/2021;16:50:57;42;Com vítima;141.600;155;Decrescente;Colisão traseira;0;1;0;0;0;0;0;0;0;0;0;0;0;0;0
03/11/2021;23:38:27;62;Sem vítima;144.000;155;Decrescente;Saída de pista;1;0;0;0;0;0;0;0;0;0;1;0;0;0;0
04/11/2021;05:29:13;3;Sem vítima;50.100;157;Decrescente;Saída de pista;1;0;0;0;0;0;0;0;0;0;2;0;0;0;0
05/11/2021;21:38:36;74;Sem vítima;122.300;155;Decrescente;Saída de pista;1;0;0;0;0;0;0;0;0;0;1;0;0;0;0
06/11/2021;12:37:27;21;Com vítima;103.600;153;Crescente;Colisão lateral no mesmo sentido;2;0;0;0;0;0;0;0;0;0;2;0;1;0;0
06/11/2021;14:17:27;30;Sem vítima;81.000;153;Crescente;Tombamento;0;0;0;0;0;0;0;0;0;0;0;0;0;0;0
06/11/2021;15:51:59;35;Sem vítima;144.000;154;Crescente;Queda de moto;0;0;0;1;0;0;0;0;0;0;0;0;0;0;0
06/11/2021;22:40:02;54;Com vítima;132.500;155;Decrescente;Colisão lateral no mesmo sentido;1;1;0;0;0;0;0;0;0;0;1;0;0;0;0
07/11/2021;04:44:41;4;Sem vítima;125.300;154;Crescente;Saída de pista;1;0;0;0;0;0;0;0;0;0;2;0;0;0;0
07/11/2021;15:35:23;31;Com vítima;66.950;157;Decrescente;Saída de pista;1;0;0;0;0;0;0;0;0;0;0;0;2;0;0
07/11/2021;18:55:43;43;Sem vítima;107.900;155;Decrescente;Choque;1;0;0;0;0;0;0;0;0;0;1;0;0;0;0
08/11/2021;04:51:27;1;Com vítima;87.400;153;Crescente;Queda de moto;0;0;0;1;0;0;0;0;0;0;0;0;0;1;0
08/11/2021;13:40:35;16;Sem vítima;66.800;153;Crescente;Saída de pista;0;0;0;1;0;0;0;0;0;0;1;0;0;0;0
08/11/2021;14:37:22;23;Sem vítima;132.800;155;Decrescente;Colisão lateral no mesmo sentido;0;0;1;0;0;0;0;0;0;0;1;0;0;0;0
09/11/2021;13:32:42;30;Com vítima;139.300;154;Crescente;Queda de moto;0;0;0;1;0;0;0;0;0;0;0;0;2;0;0
10/11/2021;07:41:01;5;Com vítima;108.750;154;Crescente;Saída de pista;1;0;0;0;0;0;0;0;0;0;0;0;1;0;0
11/11/2021;12:57:12;11;Sem vítima;86.300;153;Crescente;Colisão lateral no mesmo sentido;2;0;0;0;0;0;0;0;0;0;4;0;0;0;0
11/11/2021;15:53:08;29;Sem vítima;118.300;154;Crescente;Saída de pista;1;0;0;0;0;0;0;0;0;0;1;0;0;0;0
11/11/2021;16:05:15;33;Sem vítima;130.200;155;Decrescente;Saída de pista;1;0;0;0;0;0;0;0;0;0;1;0;0;0;0
11/11/2021;22:35:51;56;Sem vítima;137.350;155;Decrescente;Choque;1;0;0;0;0;0;0;0;0;0;1;0;0;0;0
12/11/2021;07:53:12;5;Sem vítima;84.300;153;Crescente;Saída de pista;1;0;0;0;1;0;0;0;0;0;2;0;0;0;0
12/11/2021;17:41:20;39;Sem vítima;95.100;156;Decrescente;Colisão lateral no mesmo sentido;2;0;0;0;0;0;0;0;0;0;4;0;0;0;0
12/11/2021;18:11:58;40;Sem vítima;95.500;153;Crescente;Choque;1;0;0;0;0;0;0;0;0;0;1;0;0;0;0
12/11/2021;23:52:27;56;Com vítima;66.400;153;Crescente;Colisão lateral no mesmo sentido;1;0;0;0;0;0;0;0;0;0;1;0;0;0;2
13/11/2021;04:11:16;5;Com vítima;140.400;154;Crescente;Saída de pista;1;0;0;0;0;0;0;0;0;0;0;0;1;0;0
13/11/2021;06:17:07;9;Sem vítima;5.800;157;Decrescente;Saída de pista;1;0;0;0;0;0;0;0;0;0;1;0;0;0;0
13/11/2021;13:15:23;30;Sem vítima;103.500;153;Crescente;Colisão lateral no mesmo sentido;2;0;0;0;0;0;0;0;0;0;3;0;0;0;0
13/11/2021;15:07:19;35;Sem vítima;51.200;157;Decrescente;Colisão lateral no mesmo sentido;1;0;1;0;0;0;0;0;0;0;2;0;0;0;0
13/11/2021;19:57:30;56;Com vítima;95.050;153;Crescente;Colisão frontal;2;0;0;0;0;0;0;0;0;0;3;0;1;0;0
14/11/2021;09:51:45;15;Com vítima;102.200;156;Decrescente;Colisão lateral no mesmo sentido;1;0;0;1;0;0;0;0;0;0;1;0;1;0;0
14/11/2021;14:07:29;29;Sem vítima;79.200;157;Decrescente;Colisão traseira;1;0;0;0;0;0;0;0;0;0;1;0;0;0;0
14/11/2021;15:44:42;34;Com vítima;39.000;157;Decrescente;Colisão lateral no mesmo sentido;1;0;0;1;0;0;0;0;0;0;1;0;0;1;0
14/11/2021;20:55:47;52;Com vítima;143.800;154;Crescente;Choque;1;0;0;0;0;0;0;0;0;0;0;0;1;0;0
15/11/2021;00:15:12;1;Sem vítima;120.600;155;Decrescente;Saída de pista;1;0;0;0;0;0;0;0;0;0;1;0;0;0;0
15/11/2021;03:23:50;6;Sem vítima;143.300;155;Decrescente;Choque;1;0;0;0;0;0;0;0;0;0;1;0;0;0;0
15/11/2021;13:56:08;32;Com vítima;82.200;153;Crescente;Colisão lateral no mesmo sentido;2;0;0;0;0;0;0;0;0;0;2;0;2;0;0
15/11/2021;15:04:34;38;Sem vítima;133.500;155;Decrescente;Colisão traseira;2;0;0;0;0;0;0;0;0;0;2;0;0;0;0
16/11/2021;15:44:52;48;Sem vítima;139.400;155;Decrescente;Tombamento;0;0;0;0;0;0;0;0;0;0;0;0;0;0;0
16/11/2021;18:28:51;58;Sem vítima;79.200;153;Crescente;Colisão lateral no mesmo sentido;2;0;0;0;0;0;0;0;0;0;2;0;0;0;0
16/11/2021;22:28:13;63;Sem vítima;75.700;153;Crescente;Acidentes de outra natureza;1;0;0;0;0;0;0;0;0;0;1;0;0;0;0
17/11/2021;09:55:20;16;Sem vítima;94.800;153;Crescente;Colisão lateral no mesmo sentido;1;0;0;1;0;0;0;0;0;0;1;0;0;0;0
17/11/2021;10:54:25;21;Sem vítima;144.000;154;Crescente;Saída de pista;1;0;0;0;0;0;0;0;0;0;1;0;0;0;0
17/11/2021;17:43:00;46;Sem vítima;89.400;153;Crescente;Colisão lateral no mesmo sentido;1;0;1;0;0;0;0;0;0;0;2;0;0;0;0
17/11/2021;22:38:24;73;Sem vítima;143.700;154;Crescente;Capotamento;1;0;0;0;0;0;0;0;0;0;1;0;0;0;0
18/11/2021;03:36:07;6;Com vítima;125.400;154;Crescente;Saída de pista;0;0;0;1;0;0;0;0;0;0;0;0;0;0;1
18/11/2021;11:57:48;15;Sem vítima;133.700;154;Crescente;Colisão traseira;0;0;2;0;0;0;0;0;0;0;2;0;0;0;0
19/11/2021;05:09:13;4;Sem vítima;91.700;157;Decrescente;Capotamento;0;0;0;0;0;0;0;0;0;1;1;0;0;0;0
19/11/2021;10:06:24;13;Sem vítima;104.700;154;Crescente;Choque;1;0;0;0;0;0;0;0;0;0;2;0;0;0;0
19/11/2021;12:18:59;21;Sem vítima;133.500;154;Crescente;Choque;0;0;1;0;0;0;0;0;0;0;1;0;0;0;0
19/11/2021;13:06:32;27;Sem vítima;40.000;153;Crescente;Saída de pista;1;0;0;0;0;0;0;0;0;0;1;0;0;0;0
19/11/2021;13:51:26;26;Sem vítima;26.000;157;Decrescente;Saída de pista;1;0;0;0;0;0;0;0;0;0;1;0;0;0;0
20/11/2021;07:09:04;7;Sem vítima;97.700;156;Decrescente;Saída de pista;1;0;0;0;0;0;0;0;0;0;2;0;0;0;0
20/11/2021;14:21:37;38;Com vítima;37.000;157;Decrescente;Colisão lateral no mesmo sentido;2;0;0;0;0;0;0;0;0;0;1;0;1;0;0
20/11/2021;19:11:04;49;Com vítima;54.000;157;Decrescente;Queda de moto;0;0;0;1;0;0;0;0;0;0;0;0;1;0;0
20/11/2021;22:14:41;62;Com vítima;139.500;154;Crescente;Atropelamento de pedestre;1;0;0;0;0;0;0;0;0;0;1;0;1;0;0
20/11/2021;23:14:13;63;Sem vítima;95.200;153;Crescente;Saída de pista;1;0;0;0;0;0;0;0;0;0;1;0;0;0;0
21/11/2021;09:10:45;10;Com vítima;122.600;154;Crescente;Colisão lateral no mesmo sentido;1;0;0;0;1;0;0;0;0;0;5;0;1;0;0
21/11/2021;22:54:23;50;Sem vítima;105.750;155;Decrescente;Choque;1;0;0;0;0;0;0;0;0;0;2;0;0;0;0
22/11/2021;08:19:10;10;Sem vítima;25.500;153;Crescente;Saída de pista;1;0;0;0;0;0;0;0;0;0;3;0;0;0;0
22/11/2021;16:43:12;30;Com vítima;103.700;156;Decrescente;Colisão traseira;1;0;1;0;0;0;0;0;0;0;1;0;1;0;0
22/11/2021;18:07:18;34;Com vítima;107.500;154;Crescente;Colisão lateral no mesmo sentido;1;0;1;0;0;0;0;0;0;0;1;0;1;0;0
22/11/2021;19:34:38;38;Com vítima;76.600;157;Decrescente;Colisão lateral no mesmo sentido;1;0;0;1;0;0;0;0;0;0;1;0;1;0;0
24/11/2021;14:23:52;18;Sem vítima;133.500;155;Decrescente;Choque;0;0;1;0;0;0;0;0;0;0;1;0;0;0;0
24/11/2021;16:05:31;36;Sem vítima;95.800;153;Crescente;Saída de pista;1;0;0;0;0;0;0;0;0;0;1;0;0;0;0
25/11/2021;21:29:51;61;Sem vítima;129.800;155;Decrescente;Colisão traseira;2;0;0;0;0;0;0;0;0;0;2;0;0;0;0
26/11/2021;10:45:38;21;Com vítima;94.000;153;Crescente;Queda de moto;0;0;0;1;0;0;0;0;0;0;0;0;1;0;0
26/11/2021;10:46:44;22;Com vítima;67.100;153;Crescente;Colisão transversal;1;0;0;1;0;0;0;0;0;0;1;0;1;0;0
26/11/2021;16:15:23;35;Sem vítima;114.000;155;Decrescente;Atropelamento de animal;1;0;0;0;0;0;0;0;0;0;1;0;0;0;0
26/11/2021;20:03:32;67;Com vítima;59.700;153;Crescente;Saída de pista;1;0;0;0;0;0;0;0;0;0;0;0;2;0;0
26/11/2021;23:27:37;76;Com vítima;95.100;156;Decrescente;Colisão lateral no mesmo sentido;1;0;1;0;0;0;0;0;0;0;1;0;2;0;0
27/11/2021;00:58:01;1;Sem vítima;107.700;154;Crescente;Saída de pista;1;0;0;0;0;0;0;0;0;0;1;0;0;0;0
27/11/2021;06:48:38;7;Sem vítima;126.800;155;Decrescente;Saída de pista;0;0;0;0;0;0;0;0;0;0;0;0;0;0;0
27/11/2021;08:00:50;9;Sem vítima;99.000;153;Crescente;Colisão traseira;0;0;0;0;0;0;0;0;0;1;1;0;0;0;0
27/11/2021;08:46:31;11;Com vítima;65.800;157;Decrescente;Colisão lateral no mesmo sentido;1;0;0;1;0;0;0;0;0;0;1;0;1;0;0
28/11/2021;02:34:02;6;Sem vítima;75.700;153;Crescente;Saída de pista;1;0;0;0;0;0;0;0;0;0;1;0;0;0;0
28/11/2021;07:25:32;9;Sem vítima;132.450;155;Decrescente;Saída de pista;1;0;0;0;0;0;0;0;0;0;0;0;0;0;0
28/11/2021;14:07:02;25;Sem vítima;88.000;153;Crescente;Saída de pista;1;0;0;0;0;0;0;0;0;0;2;0;0;0;0
28/11/2021;15:44:24;30;Sem vítima;95.050;156;Decrescente;Saída de pista;1;0;0;0;0;0;0;0;0;0;1;0;0;0;0
28/11/2021;18:32:52;40;Sem vítima;132.500;154;Crescente;Capotamento;1;0;0;0;0;0;0;0;0;0;2;0;0;0;0
28/11/2021;21:37:42;51;Sem vítima;109.200;154;Crescente;Colisão traseira;1;0;0;0;0;0;0;0;0;0;1;0;0;0;0
29/11/2021;00:00:07;58;Com vítima;131.950;155;Decrescente;Colisão traseira;1;0;1;0;0;0;0;0;0;0;0;0;2;0;0
29/11/2021;03:11:38;2;Com vítima;104.300;154;Crescente;Queda de moto;0;0;0;1;0;0;0;0;0;0;0;0;2;0;0
29/11/2021;17:54:16;57;Sem vítima;127.150;155;Decrescente;Choque;1;0;0;0;0;0;0;0;0;0;1;0;0;0;0
30/11/2021;14:56:07;40;Sem vítima;77.100;157;Decrescente;Saída de pista;1;0;0;0;0;0;0;0;0;0;2;0;0;0;0
01/12/2021;07:13:00;4;Com vítima;102.600;156;Decrescente;Saída de pista;0;0;1;0;0;0;0;0;0;0;0;0;1;0;0
01/12/2021;10:54:15;11;Sem vítima;37.500;157;Decrescente;Saída de pista;1;0;0;0;0;0;0;0;0;0;3;0;0;0;0
01/12/2021;13:10:36;10;Sem vítima;141.450;155;Decrescente;Colisão traseira;0;0;0;0;2;0;0;0;0;0;3;0;0;0;0
01/12/2021;14:23:06;24;Sem vítima;17.800;157;Decrescente;Tombamento;0;0;0;0;0;0;0;0;0;0;0;0;0;0;0
02/12/2021;16:15:28;30;Sem vítima;99.300;156;Decrescente;Saída de pista;0;0;1;0;0;0;0;0;0;0;1;0;0;0;0
03/12/2021;03:29:13;3;Sem vítima;44.900;153;Crescente;Atropelamento de animal;1;0;0;0;0;0;0;0;0;0;0;0;0;0;0
03/12/2021;10:44:18;17;Com vítima;77.100;153;Crescente;Colisão lateral no mesmo sentido;0;0;0;1;1;0;0;0;0;0;1;0;1;0;0
03/12/2021;21:26:53;66;Sem vítima;113.300;154;Crescente;Saída de pista;1;0;0;0;0;0;0;0;0;0;1;0;0;0;0
04/12/2021;04:45:26;7;Sem vítima;26.800;157;Decrescente;Atropelamento de animal;0;0;0;0;0;0;0;0;0;0;0;0;0;0;0
05/12/2021;01:10:02;4;Com vítima;114.800;154;Crescente;Colisão frontal;0;0;0;1;0;0;0;0;0;0;0;0;1;0;0
05/12/2021;11:36:33;32;Sem vítima;133.500;154;Crescente;Colisão traseira;1;0;0;0;0;0;0;0;0;0;1;0;0;0;0
05/12/2021;12:25:27;33;Sem vítima;13.200;157;Decrescente;Choque;1;0;0;0;0;0;0;0;0;0;1;0;0;0;0
05/12/2021;16:00:33;51;Com vítima;65.900;157;Decrescente;Saída de pista;1;0;0;0;0;0;0;0;0;0;4;0;1;0;0
06/12/2021;07:38:46;15;Sem vítima;28.100;153;Crescente;Saída de pista;1;0;0;0;0;0;0;0;0;0;1;0;0;0;0
07/12/2021;10:47:51;18;Sem vítima;104.500;154;Crescente;Colisão lateral no mesmo sentido;2;0;0;0;0;0;0;0;0;0;2;0;0;0;0
07/12/2021;18:57:46;47;Com vítima;105.000;154;Crescente;Queda de moto;0;0;0;1;0;0;0;0;0;0;0;0;0;1;0