data;horario;n_da_ocorrencia;tipo_de_ocorrencia;km;trecho;sentido;tipo_de_acidente;automovel;bicicleta;caminhao;moto;onibus;outros;tracao_animal;transporte_de_cargas_especiais;trator_maquinas;utilitarios;ilesos;levemente_feridos;moderadamente_feridos;gravemente_feridos;mortos
07/12/2021;23:06:44;57;Sem vítima;26.400;157;Decrescente;Tombamento;0;0;0;0;0;0;0;0;0;0;0;0;0;0;0
08/12/2021;08:24:36;12;Sem vítima;124.000;154;Crescente;Saída de pista;1;0;0;0;0;0;0;0;0;0;1;0;0;0;0
09/12/2021;10:49:21;14;Sem vítima;127.300;155;Decrescente;Colisão lateral no mesmo sentido;1;0;1;0;0;0;0;0;0;0;2;0;0;0;0
09/12/2021;17:02:39;40;Sem vítima;132.500;155;Decrescente;Choque;1;0;0;0;0;0;0;0;0;0;1;0;0;0;0
10/12/2021;16:42:02;50;Com vítima;133.500;154;Crescente;Colisão traseira;2;0;0;0;0;0;0;0;0;0;3;0;1;0;0
10/12/2021;21:09:23;67;Sem vítima;94.100;153;Crescente;Saída de pista;3;0;0;0;0;0;0;0;0;0;3;0;0;0;0
11/12/2021;21:20:10;58;Sem vítima;142.300;154;Crescente;Capotamento;1;0;0;0;0;0;0;0;0;0;2;0;0;0;0
12/12/2021;01:48:23;2;Sem vítima;55.800;153;Crescente;Saída de pista;1;0;0;0;0;0;0;0;0;0;2;0;0;0;0
12/12/2021;05:39:35;6;Sem vítima;65.100;157;Decrescente;Saída de pista;1;0;0;0;0;0;0;0;0;0;1;0;0;0;0
12/12/2021;15:26:44;37;Sem vítima;77.800;157;Decrescente;Engavetamento;3;0;0;0;0;0;0;0;0;0;3;0;0;0;0
12/12/2021;17:55:28;48;Sem vítima;75.300;157;Decrescente;Saída de pista;2;0;0;0;0;0;0;0;0;0;4;0;0;0;0
13/12/2021;01:15:52;2;Sem vítima;135.000;154;Crescente;Saída de pista;1;0;0;0;0;0;0;0;0;0;1;0;0;0;0
13/12/2021;11:27:56;24;Sem vítima;105.100;154;Crescente;Saída de pista;0;0;1;0;0;0;0;0;0;0;2;0;0;0;0
14/12/2021;06:31:06;8;Sem vítima;109.400;154;Crescente;Saída de pista;1;0;0;0;0;0;0;0;0;0;1;0;0;0;0
14/12/2021;07:45:38;10;Sem vítima;133.300;155;Decrescente;Colisão traseira;1;0;0;0;1;0;0;0;0;0;2;0;0;0;0
15/12/2021;11:34:50;29;Sem vítima;133.500;155;Decrescente;Colisão traseira;1;0;0;0;0;0;0;0;0;0;1;0;0;0;0
15/12/2021;18:35:29;53;Sem vítima;99.350;153;Crescente;Saída de pista;1;0;0;0;0;0;0;0;0;0;1;0;0;0;0
15/12/2021;21:49:30;65;Sem vítima;98.100;156;Decrescente;Saída de pista;0;0;1;0;0;0;0;0;0;0;3;0;0;0;0
15/12/2021;23:39:15;70;Sem vítima;12.700;153;Crescente;Saída de pista;0;0;0;0;0;0;0;0;0;0;0;0;0;0;0
16/12/2021;02:17:47;3;Sem vítima;127.850;155;Decrescente;Saída de pista;0;0;1;0;0;0;0;0;0;0;1;0;0;0;0
16/12/2021;10:13:13;12;Sem vítima;41.200;157;Decrescente;Saída de pista;1;0;0;0;0;0;0;0;0;0;0;0;0;0;0
16/12/2021;13:22:00;23;Sem vítima;76.150;153;Crescente;Colisão lateral no mesmo sentido;2;0;0;0;0;0;0;0;0;0;4;0;0;0;0
17/12/2021;08:52:17;9;Sem vítima;77.100;153;Crescente;Choque;1;0;0;0;0;0;0;0;0;0;1;0;0;0;0
17/12/2021;18:54:43;43;Com vítima;94.200;153;Crescente;Colisão frontal;2;0;0;0;0;0;0;0;0;0;4;0;1;0;0
17/12/2021;19:59:48;67;Sem vítima;143.000;155;Decrescente;Colisão traseira;0;0;0;0;1;0;0;0;0;1;2;0;0;0;0
18/12/2021;04:25:06;11;Sem vítima;102.600;153;Crescente;Saída de pista;1;0;0;0;0;0;0;0;0;0;4;0;0;0;0
18/12/2021;14:46:16;43;Sem vítima;109.150;154;Crescente;Saída de pista;1;0;0;0;0;0;0;0;0;0;1;0;0;0;0
19/12/2021;03:46:02;5;Com vítima;49.400;153;Crescente;Saída de pista;1;0;0;0;0;0;0;0;0;0;0;0;2;1;0
19/12/2021;15:57:02;32;Com vítima;83.700;153;Crescente;Queda de moto;0;0;0;1;0;0;0;0;0;0;0;0;2;0;0
20/12/2021;00:27:25;1;Sem vítima;58.500;153;Crescente;Choque;1;0;0;0;0;0;0;0;0;0;1;0;0;0;0
20/12/2021;03:42:54;8;Sem vítima;85.900;157;Decrescente;Saída de pista;0;0;0;0;0;0;0;0;0;0;0;0;0;0;0
20/12/2021;18:16:55;43;Sem vítima;133.600;154;Crescente;Colisão lateral no mesmo sentido;0;0;1;0;0;0;0;0;0;0;1;0;0;0;0
20/12/2021;20:53:27;49;Sem vítima;12.050;153;Crescente;Acidentes de outra natureza;0;0;0;0;0;0;0;0;0;0;0;0;0;0;0
22/12/2021;08:28:50;6;Sem vítima;96.000;153;Crescente;Saída de pista;0;0;0;0;0;0;0;0;0;1;1;0;0;0;0
22/12/2021;13:13:17;26;Sem vítima;134.690;155;Decrescente;Saída de pista;1;0;0;0;0;0;0;0;0;0;1;0;0;0;0
22/12/2021;19:43:52;54;Com vítima;79.800;153;Crescente;Colisão lateral no mesmo sentido;1;1;0;0;0;0;0;0;0;0;1;0;0;0;0
23/12/2021;00:41:50;63;Sem vítima;25.900;157;Decrescente;Choque;0;0;0;0;0;0;0;0;0;0;0;0;0;0;0
23/12/2021;08:49:03;12;Com vítima;96.300;156;Decrescente;Saída de pista;1;0;0;0;0;0;0;0;0;0;0;0;1;0;0
23/12/2021;18:41:37;55;Sem vítima;101.100;153;Crescente;Saída de pista;1;0;0;0;0;0;0;0;0;0;1;0;0;0;0
24/12/2021;12:46:40;36;Com vítima;114.000;154;Crescente;Colisão lateral no mesmo sentido;2;0;0;0;0;0;0;0;0;0;2;0;1;0;0
24/12/2021;16:46:33;46;Sem vítima;128.950;154;Crescente;Saída de pista;0;0;0;0;0;0;0;0;0;1;1;0;0;0;0
24/12/2021;17:25:16;50;Sem vítima;95.100;153;Crescente;Saída de pista;2;0;0;0;0;0;0;0;0;0;4;0;0;0;0
24/12/2021;20:36:30;55;Sem vítima;114.950;154;Crescente;Colisão traseira;2;0;0;0;0;0;0;0;0;0;2;0;0;0;0
25/12/2021;06:14:49;5;Sem vítima;89.500;157;Decrescente;Saída de pista;1;0;0;0;0;0;0;0;0;0;1;0;0;0;0
25/12/2021;12:43:34;17;Sem vítima;67.100;153;Crescente;Colisão lateral no mesmo sentido;2;0;0;0;0;0;0;0;0;0;4;0;0;0;0
25/12/2021;18:38:06;25;Com vítima;83.100;157;Decrescente;Atropelamento de pedestre;0;0;0;0;0;0;0;0;0;0;0;0;1;0;0
25/12/2021;19:25:00;26;Sem vítima;2.500;157;Decrescente;Choque;1;0;0;0;0;0;0;0;0;0;1;0;0;0;0
26/12/2021;12:18:51;21;Com vítima;127.300;155;Decrescente;Colisão lateral no mesmo sentido;1;1;0;0;0;0;0;0;0;0;1;0;0;0;0
26/12/2021;16:43:32;42;Sem vítima;127.200;154;Crescente;Saída de pista;1;0;0;0;0;0;0;0;0;0;1;0;0;0;0
26/12/2021;19:08:22;52;Com vítima;143.500;155;Decrescente;Colisão traseira;1;0;0;1;0;0;0;0;0;0;1;0;0;1;0
27/12/2021;18:07:52;52;Sem vítima;135.050;154;Crescente;Queda de moto;0;0;0;1;0;0;0;0;0;0;1;0;0;0;0
27/12/2021;21:26:56;64;Com vítima;107.100;154;Crescente;Queda de moto;0;0;0;1;0;0;0;0;0;0;0;0;1;0;0
28/12/2021;04:44:46;3;Com vítima;65.500;157;Decrescente;Saída de pista;1;0;0;0;0;0;0;0;0;0;0;0;1;0;0
28/12/2021;08:42:45;13;Com vítima;76.700;153;Crescente;Colisão lateral no mesmo sentido;1;0;0;1;0;0;0;0;0;0;1;0;1;0;0
28/12/2021;14:00:17;31;Sem vítima;60.800;153;Crescente;Colisão traseira;0;0;2;0;0;0;0;0;0;1;2;0;0;0;0
28/12/2021;19:47:10;51;Sem vítima;85.800;157;Decrescente;Saída de pista;0;0;0;0;0;0;0;0;0;0;0;0;0;0;0
28/12/2021;20:42:32;56;Sem vítima;98.200;153;Crescente;Saída de pista;1;0;0;0;0;0;0;0;0;0;1;0;0;0;0
28/12/2021;23:47:24;64;Sem vítima;44.950;157;Decrescente;Capotamento;1;0;0;0;0;0;0;0;0;0;3;0;0;0;0
29/12/2021;01:57:47;3;Com vítima;121.700;155;Decrescente;Colisão traseira;2;0;0;0;0;0;0;0;0;0;2;0;1;0;0
29/12/2021;10:26:21;19;Com vítima;122.200;155;Decrescente;Queda de moto;0;0;0;1;0;0;0;0;0;0;0;0;1;0;0
30/12/2021;12:52:58;32;Com vítima;81.000;153;Crescente;Tombamento;0;0;0;0;0;0;0;0;0;0;0;0;0;0;0
30/12/2021;14:57:37;40;Sem vítima;38.000;157;Decrescente;Saída de pista;1;0;0;0;0;0;0;0;0;0;1;0;0;0;0
30/12/2021;17:12:21;47;Sem vítima;29.800;153;Crescente;Saída de pista;1;0;0;0;0;0;0;0;0;0;1;0;0;0;0
30/12/2021;20:38:43;57;Sem vítima;96.200;153;Crescente;Colisão lateral no mesmo sentido;3;0;0;0;0;0;0;0;0;0;3;0;0;0;0
30/12/2021;20:39:45;61;Com vítima;143.200;154;Crescente;Queda de moto;0;0;0;1;0;0;0;0;0;0;0;0;1;0;0
31/12/2021;01:14:27;1;Sem vítima;96.300;153;Crescente;Choque;1;0;0;0;0;0;0;0;0;0;1;0;0;0;0
31/12/2021;15:04:46;23;Sem vítima;91.100;153;Crescente;Colisão traseira;1;0;1;0;0;0;0;0;0;0;3;0;0;0;0
31/12/2021;18:14:26;33;Sem vítima;33.000;153;Crescente;Saída de pista;1;0;0;0;0;0;0;0;0;0;1;0;0;0;0
31/12/2021;22:16:55;43;Sem vítima;143.050;155;Decrescente;Colisão traseira;2;0;0;0;0;0;0;0;0;0;4;0;0;0;0
01/01/2022;04:42:07;8;Sem vítima;139.600;154;Crescente;Colisão traseira;2;0;0;0;0;0;0;0;0;0;2;0;0;0;0
01/01/2022;15:34:39;26;Sem vítima;10.400;157;Decrescente;Saída de pista;1;0;0;0;0;0;0;0;0;0;2;0;0;0;0
01/01/2022;16:56:10;27;Com vítima;106.700;155;Decrescente;Queda de moto;0;0;0;1;0;0;0;0;0;0;0;0;1;0;0
01/01/2022;17:17:42;29;Sem vítima;127.000;154;Crescente;Choque;2;0;0;0;0;0;0;0;0;0;2;0;0;0;0
01/01/2022;18:34:52;32;Sem vítima;138.700;155;Decrescente;Saída de pista;1;0;0;0;0;0;0;0;0;0;1;0;0;0;0
01/01/2022;19:22:23;34;Sem vítima;95.800;153;Crescente;Saída de pista;1;0;0;0;0;0;0;0;0;0;2;0;0;0;0
01/01/2022;20:20:01;36;Com vítima;95.100;153;Crescente;Saída de pista;2;0;0;0;0;0;0;0;0;0;3;0;2;0;0
02/01/2022;09:27:15;7;Sem vítima;13.200;157;Decrescente;Choque;1;0;0;0;0;0;0;0;0;0;1;0;0;0;0
02/01/2022;12:08:32;10;Com vítima;24.300;153;Crescente;Saída de pista;1;0;0;0;0;0;0;0;0;0;0;0;3;0;0
03/01/2022;09:02:19;18;Sem vítima;25.050;157;Decrescente;Saída de pista;1;0;0;0;0;0;0;0;0;0;2;0;0;0;0
03/01/2022;10:49:18;23;Sem vítima;58.850;153;Crescente;Colisão lateral no mesmo sentido;0;0;1;0;0;0;0;0;0;1;3;0;0;0;0
03/01/2022;20:47:32;70;Sem vítima;74.500;153;Crescente;Queda de moto;0;0;0;1;0;0;0;0;0;0;0;0;0;0;0
05/01/2022;19:29:45;34;Sem vítima;85.800;157;Decrescente;Saída de pista;1;0;0;0;0;0;0;0;0;0;1;0;0;0;0
06/01/2022;06:23:37;5;Sem vítima;86.500;157;Decrescente;Choque;1;0;0;0;0;0;0;0;0;0;1;0;0;0;0
06/01/2022;19:49:30;53;Sem vítima;114.800;154;Crescente;Saída de pista;1;0;0;0;0;0;0;0;0;0;2;0;0;0;0
07/01/2022;00:52:55;1;Com vítima;45.000;157;Decrescente;Saída de pista;1;0;0;0;0;0;0;0;0;0;0;0;1;0;0
07/01/2022;07:12:23;6;Sem vítima;106.100;154;Crescente;Saída de pista;2;0;0;0;0;0;0;0;0;0;2;0;0;0;0
07/01/2022;11:27:45;15;Sem vítima;124.150;154;Crescente;Saída de pista;1;0;0;0;0;0;0;0;0;0;1;0;0;0;0
07/01/2022;19:44:53;43;Sem vítima;143.500;155;Decrescente;Colisão traseira;0;0;1;1;0;0;0;0;0;0;1;0;0;0;0
08/01/2022;11:49:58;15;Sem vítima;73.100;157;Decrescente;Saída de pista;1;0;0;0;0;0;0;0;0;0;0;0;0;0;0
08/01/2022;16:10:07;24;Sem vítima;121.990;155;Decrescente;Saída de pista;1;0;0;0;0;0;0;0;0;0;1;0;0;0;0
08/01/2022;17:01:35;25;Sem vítima;101.800;153;Crescente;Saída de pista;1;0;0;0;0;0;0;0;0;0;1;0;0;0;0
08/01/2022;17:11:03;26;Sem vítima;99.200;153;Crescente;Saída de pista;1;0;0;0;0;0;0;0;0;0;1;0;0;0;0
08/01/2022;22:10:08;32;Sem vítima;121.900;154;Crescente;Saída de pista;1;0;0;0;0;0;0;0;0;0;1;0;0;0;0
09/01/2022;06:11:39;3;Sem vítima;125.500;155;Decrescente;Saída de pista;1;0;0;0;0;0;0;0;0;0;1;0;0;0;0
09/01/2022;09:02:31;7;Sem vítima;86.200;153;Crescente;Saída de pista;1;0;0;0;0;0;0;0;0;0;1;0;0;0;0
09/01/2022;11:17:59;15;Sem vítima;94.100;156;Decrescente;Colisão lateral no mesmo sentido;1;0;0;0;0;0;0;0;0;1;2;0;0;0;0
10/01/2022;05:47:08;2;Sem vítima;121.900;155;Decrescente;Saída de pista;1;0;0;0;0;0;0;0;0;0;2;0;0;0;0
10/01/2022;12:22:51;5;Sem vítima;100.000;153;Crescente;Saída de pista;1;0;0;0;0;0;0;0;0;0;1;0;0;0;0
11/01/2022;12:26:35;39;Sem vítima;84.200;157;Decrescente;Acidentes de outra natureza;1;0;0;0;0;0;0;0;0;0;0;0;0;0;0
11/01/2022;14:28:20;46;Sem vítima;11.500;153;Crescente;Acidentes de outra natureza;0;0;1;0;0;0;0;0;0;0;1;0;0;0;0
13/01/2022;09:23:17;15;Sem vítima;40.200;153;Crescente;Colisão lateral no mesmo sentido;1;0;0;1;0;0;0;0;0;0;1;0;0;0;0
13/01/2022;17:08:13;52;Sem vítima;95.150;153;Crescente;Saída de pista;0;0;1;0;0;0;0;0;0;0;1;0;0;0;0
13/01/2022;20:01:34;57;Sem vítima;94.400;153;Crescente;Saída de pista;1;0;0;0;0;0;0;0;0;0;1;0;0;0;0
14/01/2022;12:11:52;23;Com vítima;102.300;153;Crescente;Colisão lateral no mesmo sentido;2;0;0;0;0;0;0;0;0;0;0;0;3;0;0
14/01/2022;14:44:12;26;Sem vítima;133.250;154;Crescente;Colisão lateral no mesmo sentido;2;0;0;0;0;0;0;0;0;0;2;0;0;0;0
14/01/2022;17:59:45;48;Com vítima;79.800;153;Crescente;Colisão lateral no mesmo sentido;0;0;0;1;0;0;0;0;0;0;0;0;1;0;0
15/01/2022;13:46:33;21;Sem vítima;85.200;157;Decrescente;Saída de pista;1;0;0;0;0;0;0;0;0;0;1;0;0;0;0
16/01/2022;19:01:26;45;Sem vítima;123.100;155;Decrescente;Choque;2;0;0;0;0;0;0;0;0;0;2;0;0;0;0
16/01/2022;23:26:17;60;Sem vítima;135.200;154;Crescente;Colisão lateral no mesmo sentido;1;0;0;0;1;0;0;0;0;0;3;0;0;0;0
16/01/2022;23:39:16;57;Com vítima;143.850;154;Crescente;Choque;1;0;0;0;0;0;0;0;0;0;1;0;1;0;0
17/01/2022;00:50:26;65;Sem vítima;106.400;155;Decrescente;Saída de pista;1;0;0;0;0;0;0;0;0;0;1;0;0;0;0
18/01/2022;02:39:10;5;Com vítima;118.600;155;Decrescente;Saída de pista;0;0;0;0;0;0;0;0;0;1;1;0;1;0;0
18/01/2022;22:50:38;74;Com vítima;75.000;153;Crescente;Atropelamento de pedestre;0;0;0;0;0;0;0;0;0;0;0;0;1;0;0
19/01/2022;11:27:58;20;Sem vítima;122.500;155;Decrescente;Queda de moto;0;0;0;1;0;0;0;0;0;0;0;0;0;0;0
19/01/2022;11:37:32;22;Sem vítima;123.600;154;Crescente;Saída de pista;1;0;0;0;0;0;0;0;0;0;1;0;0;0;0
20/01/2022;08:25:03;9;Com vítima;130.300;154;Crescente;Colisão traseira;0;1;0;0;1;0;0;0;0;0;1;0;0;0;0
20/01/2022;19:28:09;55;Com vítima;73.500;157;Decrescente;Saída de pista;1;0;1;0;0;0;0;0;0;0;1;0;0;0;1
21/01/2022;18:59:12;42;Com vítima;111.400;154;Crescente;Queda de moto;0;0;0;1;0;0;0;0;0;0;0;0;1;0;0
23/01/2022;11:00:02;11;Sem vítima;98.100;156;Decrescente;Colisão lateral no mesmo sentido;1;0;0;1;0;0;0;0;0;0;3;0;0;0;0
23/01/2022;16:13:50;34;Sem vítima;106.200;155;Decrescente;Saída de pista;1;0;0;0;0;0;0;0;0;0;2;0;0;0;0
23/01/2022;20:07:55;56;Sem vítima;105.900;155;Decrescente;Saída de pista;1;0;0;0;0;0;0;0;0;0;1;0;0;0;0
23/01/2022;20:48:14;57;Com vítima;106.500;155;Decrescente;Engavetamento;1;0;0;0;0;0;0;0;0;0;1;0;1;0;0
24/01/2022;03:57:06;3;Com vítima;125.850;154;Crescente;Saída de pista;1;0;0;0;0;0;0;0;0;0;0;0;0;0;1
24/01/2022;19:16:13;58;Com vítima;143.070;154;Crescente;Choque;1;0;0;0;1;0;0;0;0;0;1;0;1;0;0
25/01/2022;12:48:48;12;Com vítima;57.900;153;Crescente;Colisão lateral no mesmo sentido;0;0;0;0;0;0;0;0;0;1;0;0;0;0;1
25/01/2022;12:52:01;13;Com vítima;40.900;157;Decrescente;Colisão lateral no mesmo sentido;0;0;1;1;0;0;0;0;0;0;1;0;0;1;0
26/01/2022;09:05:48;14;Sem vítima;137.400;154;Crescente;Colisão traseira;0;0;1;0;1;0;0;0;0;0;2;0;0;0;0
26/01/2022;13:27:13;19;Sem vítima;131.800;154;Crescente;Colisão lateral no mesmo sentido;0;0;0;0;0;0;0;0;0;0;0;0;0;0;0
26/01/2022;15:19:30;44;Com vítima;66.700;157;Decrescente;Queda de moto;0;0;0;1;0;0;0;0;0;0;0;0;1;0;0
27/01/2022;20:50:42;57;Com vítima;135.500;155;Decrescente;Choque;1;0;0;0;0;0;0;0;0;0;2;0;2;0;0
28/01/2022;18:06:49;40;Sem vítima;143.750;155;Decrescente;Colisão lateral no mesmo sentido;1;0;0;0;0;0;0;0;0;0;1;0;0;0;0
29/01/2022;04:45:12;8;Sem vítima;132.400;155;Decrescente;Saída de pista;1;0;0;0;0;0;0;0;0;0;1;0;0;0;0
29/01/2022;17:10:17;56;Sem vítima;118.350;154;Crescente;Saída de pista;1;0;0;0;0;0;0;0;0;0;1;0;0;0;0
30/01/2022;00:12:25;1;Sem vítima;127.150;154;Crescente;Saída de pista;1;0;0;0;0;0;0;0;0;0;1;0;0;0;0
30/01/2022;15:51:49;26;Sem vítima;43.500;153;Crescente;Saída de pista;1;0;0;0;0;0;0;0;0;0;1;0;0;0;0
30/01/2022;20:36:36;42;Com vítima;84.200;157;Decrescente;Atropelamento de pedestre;0;0;0;1;0;0;0;0;0;0;1;0;1;0;0
31/01/2022;08:11:19;8;Sem vítima;99.300;153;Crescente;Saída de pista;1;0;0;0;0;0;0;0;0;0;1;0;0;0;0
31/01/2022;12:58:58;27;Sem vítima;137.800;155;Decrescente;Colisão lateral no mesmo sentido;0;0;0;0;1;0;0;0;0;0;1;0;0;0;0
01/02/2022;17:58:43;42;Sem vítima;70.700;153;Crescente;Queda de moto;0;0;0;1;0;0;0;0;0;0;1;0;0;0;0
01/02/2022;21:47:31;50;Sem vítima;122.250;155;Decrescente;Choque;1;0;0;0;0;0;0;0;0;0;1;0;0;0;0
01/02/2022;22:37:08;51;Sem vítima;98.400;153;Crescente;Saída de pista;1;0;0;0;0;0;0;0;0;0;1;0;0;0;0
02/02/2022;17:05:59;51;Sem vítima;74.400;157;Decrescente;Saída de pista;1;0;0;0;0;0;0;0;0;0;1;0;0;0;0
03/02/2022;14:53:04;30;Sem vítima;6.900;157;Decrescente;Colisão lateral no mesmo sentido;2;0;0;0;0;0;0;0;0;0;4;0;0;0;0
03/02/2022;17:02:21;45;Sem vítima;98.300;156;Decrescente;Choque;1;0;0;0;0;0;0;0;0;0;1;0;0;0;0
03/02/2022;17:04:01;43;Sem vítima;11.300;157;Decrescente;Saída de pista;0;0;0;0;0;0;0;0;0;1;2;0;0;0;0
04/02/2022;14:28:36;34;Sem vítima;40.200;153;Crescente;Saída de pista;2;0;0;0;0;0;0;0;0;2;5;0;0;0;0
05/02/2022;09:22:43;14;Sem vítima;114.000;155;Decrescente;Saída de pista;1;0;0;0;0;0;0;0;0;0;1;0;0;0;0
05/02/2022;15:46:08;29;Sem vítima;61.900;153;Crescente;Colisão lateral no mesmo sentido;1;0;0;1;0;0;0;0;0;0;1;0;0;0;0
06/02/2022;07:59:22;5;Sem vítima;43.400;153;Crescente;Saída de pista;1;0;0;0;0;0;0;0;0;0;1;0;0;0;0
06/02/2022;11:09:56;16;Sem vítima;83.800;157;Decrescente;Queda de moto;1;0;0;0;0;0;0;0;0;0;0;0;0;0;0
06/02/2022;23:50:30;59;Sem vítima;140.100;154;Crescente;Saída de pista;1;0;0;0;0;0;0;0;0;0;1;0;0;0;0
06/02/2022;23:52:41;57;Sem vítima;74.600;153;Crescente;Capotamento;1;0;0;0;0;0;0;0;0;0;1;0;0;0;0
07/02/2022;10:19:50;15;Sem vítima;122.900;154;Crescente;Queda de moto;0;0;0;1;0;0;0;0;0;0;1;0;0;0;0
07/02/2022;14:07:27;31;Sem vítima;27.500;153;Crescente;Saída de pista;1;0;0;0;0;0;0;0;0;0;1;0;0;0;0
07/02/2022;16:39:59;43;Sem vítima;132.450;154;Crescente;Colisão traseira;2;0;0;0;0;0;0;0;0;0;2;0;0;0;0
07/02/2022;18:25:34;53;Com vítima;114.850;154;Crescente;Saída de pista;1;0;0;0;0;0;0;0;0;0;2;0;2;0;0
07/02/2022;18:57:29;54;Sem vítima;121.150;154;Crescente;Saída de pista;1;0;0;0;0;0;0;0;0;0;1;0;0;0;0
08/02/2022;10:49:21;19;Sem vítima;133.400;154;Crescente;Colisão lateral no mesmo sentido;0;0;0;0;0;0;0;0;0;0;0;0;0;0;0
08/02/2022;17:11:17;33;Sem vítima;125.500;154;Crescente;Saída de pista;1;0;0;0;0;0;0;0;0;0;1;0;0;0;0
08/02/2022;18:30:03;36;Sem vítima;122.500;155;Decrescente;Choque;0;0;1;0;0;0;0;0;0;0;2;0;0;0;0
09/02/2022;21:00:14;47;Com vítima;103.800;153;Crescente;Colisão lateral no mesmo sentido;2;0;1;0;0;0;0;0;0;0;4;0;1;0;0
09/02/2022;21:30:20;49;Com vítima;94.700;156;Decrescente;Saída de pista;1;0;0;0;0;0;0;0;0;0;0;0;1;0;0
11/02/2022;16:13:10;28;Sem vítima;106.000;154;Crescente;Choque;1;0;0;0;0;0;0;0;0;0;1;0;0;0;0
12/02/2022;11:32:48;18;Com vítima;98.500;156;Decrescente;Colisão frontal;2;0;0;0;0;0;0;0;0;0;1;0;2;0;0
12/02/2022;19:43:51;50;Com vítima;99.400;156;Decrescente;Saída de pista;0;0;1;0;0;0;0;0;0;0;0;0;1;0;0
12/02/2022;20:28:19;52;Sem vítima;98.000;153;Crescente;Saída de pista;1;0;0;0;0;0;0;0;0;0;1;0;0;0;0
13/02/2022;04:27:49;4;Com vítima;63.400;157;Decrescente;Queda de moto;0;0;0;1;0;0;0;0;0;0;0;0;1;0;0
13/02/2022;08:12:44;12;Sem vítima;137.400;155;Decrescente;Choque;1;0;0;0;0;0;0;0;0;0;1;0;0;0;0
13/02/2022;13:44:09;33;Sem vítima;127.100;154;Crescente;Saída de pista;1;0;0;0;0;0;0;0;0;0;1;0;0;0;0
13/02/2022;19:15:16;51;Sem vítima;101.400;153;Crescente;Saída de pista;1;0;0;0;0;0;0;0;0;0;1;0;0;0;0
13/02/2022;20:44:27;53;Com vítima;82.900;153;Crescente;Colisão frontal;2;0;0;0;0;0;0;0;0;0;0;0;3;2;0
13/02/2022;21:12:05;54;Sem vítima;94.300;156;Decrescente;Colisão traseira;3;0;0;0;0;0;0;0;0;0;3;0;0;0;0
14/02/2022;04:15:48;2;Sem vítima;27.500;153;Crescente;Tombamento;0;0;0;0;0;0;0;0;0;0;0;0;0;0;0
14/02/2022;09:19:17;13;Sem vítima;131.100;155;Decrescente;Saída de pista;0;0;0;1;0;0;0;0;0;0;1;0;0;0;0
15/02/2022;18:07:18;39;Sem vítima;102.300;153;Crescente;Colisão lateral no mesmo sentido;2;0;0;0;0;0;0;0;0;0;2;0;0;0;0
16/02/2022;11:24:45;21;Com vítima;67.200;157;Decrescente;Atropelamento de pedestre;0;0;0;0;0;0;0;0;0;0;0;0;0;1;0
18/02/2022;14:29:23;28;Sem vítima;39.000;153;Crescente;Colisão traseira;0;0;0;0;1;0;0;0;0;1;2;0;0;0;0
19/02/2022;05:16:43;4;Com vítima;40.200;157;Decrescente;Atropelamento de pedestre;0;0;0;1;0;0;0;0;0;0;0;0;2;0;0
19/02/2022;20:18:39;42;Com vítima;108.300;154;Crescente;Saída de pista;1;0;0;0;0;0;0;0;0;0;0;0;1;0;0
21/02/2022;04:59:00;4;Sem vítima;48.800;157;Decrescente;Saída de pista;1;0;0;0;0;0;0;0;0;0;1;0;0;0;0
21/02/2022;21:35:39;59;Sem vítima;91.800;157;Decrescente;Saída de pista;1;0;0;0;0;0;0;0;0;0;1;0;0;0;0
23/02/2022;10:07:47;15;Sem vítima;80.800;153;Crescente;Saída de pista;1;0;0;0;0;0;0;0;0;0;1;0;0;0;0
23/02/2022;13:25:20;27;Sem vítima;98.300;153;Crescente;Colisão lateral no mesmo sentido;2;0;0;0;0;0;0;0;0;0;2;0;0;0;0
23/02/2022;16:53:30;40;Sem vítima;138.500;154;Crescente;Colisão traseira;0;0;0;0;1;0;0;0;0;0;1;0;0;0;0
23/02/2022;18:04:54;49;Sem vítima;90.200;153;Crescente;Saída de pista;1;0;0;0;0;0;0;0;0;0;2;0;0;0;0